﻿<?xml version="1.0" encoding="utf-8"?>
<Package xmlns="http://schemas.microsoft.com/appx/2010/manifest">
  <Identity Name="BUILD.70baac8f-b3b8-45b2-a969-a68404647bb1" Version="1.0.0.0" Publisher="CN=deepm" ProcessorArchitecture="neutral" />
  <Properties>
    <DisplayName>PhotoSky</DisplayName>
    <Description>PhotoSky</Description>
    <PublisherDisplayName>deepm</PublisherDisplayName>
    <Logo>images\storelogo.png</Logo>
  </Properties>
  <Prerequisites>
    <OSMinVersion>6.2</OSMinVersion>
    <OSMaxVersionTested>6.2</OSMaxVersionTested>
  </Prerequisites>
  <Resources>
    <Resource Language="en-US" />
  </Resources>
  <Applications>
    <Application Id="App" StartPage="default.html">
      <VisualElements DisplayName="PhotoSky" Logo="images\logo.png" SmallLogo="images\smalllogo.png" Description="PhotoSky" ForegroundText="light" BackgroundColor="#0084FF" InitialRotationPreference="portrait">
        <DefaultTile ShowName="true" />
        <SplashScreen Image="images\splashscreen.png" />
      </VisualElements>
    </Application>
  </Applications>
  <Capabilities>
    <Capability Name="internetClient" />
  </Capabilities>
</Package>