<?xml version="1.0"?>
<doc>
    <assembly>
        <name>HgCo.WindowsLive.SkyDriveWebClient</name>
    </assembly>
    <members>
        <member name="T:HgCo.WindowsLive.SkyDrive.Support.WebFolderContentTypeHelper">
            <summary>
            Provides methods for handling enum <see cref="E:WebFolderContentType"/>.
            </summary>
        </member>
        <member name="M:HgCo.WindowsLive.SkyDrive.Support.WebFolderContentTypeHelper.ParseContentType(System.String)">
            <summary>
            Parses the ContentType from a string.
            </summary>
            <param name="contentTypeText">The ContentType text.</param>
            <returns>The parsed ContentType.</returns>
        </member>
        <member name="T:HgCo.WindowsLive.SkyDrive.Support.WebBrowser">
            <summary>
            Provides methods for sending data to and receiving data from a resource identified by a URI via HTTP, 
            while maintaining session (cookies) information, too.
            </summary>
        </member>
        <member name="M:HgCo.WindowsLive.SkyDrive.Support.WebBrowser.#ctor">
            <summary>
            Initializes a new instance of the <see cref="T:HgCo.WindowsLive.SkyDrive.Support.WebBrowser"/> class.
            </summary>
        </member>
        <member name="M:HgCo.WindowsLive.SkyDrive.Support.WebBrowser.#ctor(HgCo.WindowsLive.SkyDrive.WebSession)">
            <summary>
            Initializes a new instance of the <see cref="T:HgCo.WindowsLive.SkyDrive.Support.WebBrowser"/> class.
            </summary>
            <param name="session">The session.</param>
        </member>
        <member name="M:HgCo.WindowsLive.SkyDrive.Support.WebBrowser.GetHttpWebRequest(System.Uri)">
            <summary>
            Gets the HTTP web request.
            </summary>
            <param name="address">The address.</param>
            <returns>The HTTP web request.</returns>
        </member>
        <member name="M:HgCo.WindowsLive.SkyDrive.Support.WebBrowser.GetHttpWebResponse(System.Net.HttpWebRequest,System.Boolean)">
            <summary>
            Gets the HTTP web response.
            </summary>
            <param name="webRequest">The web request.</param>
            <param name="allowAutoRedirect">if set to <c>true</c>, response redirection is handled automatically.</param>
            <returns>The HTTP web response</returns>
        </member>
        <member name="M:HgCo.WindowsLive.SkyDrive.Support.WebBrowser.ReadWebResponse(System.Net.WebResponse)">
            <summary>
            Reads the content of a web response.
            </summary>
            <param name="webResponse">The web response to read.</param>
            <returns>The web response's content.</returns>
        </member>
        <member name="M:HgCo.WindowsLive.SkyDrive.Support.WebBrowser.DownloadString(System.Uri)">
            <summary>
            Downloads the requested resource as a string.
            </summary>
            <param name="address">The address of the resource to download.</param>
            <returns>The requested resource.</returns>
        </member>
        <member name="M:HgCo.WindowsLive.SkyDrive.Support.WebBrowser.DownloadString(System.Uri,System.Boolean)">
            <summary>
            Downloads the requested resource as a string.
            </summary>
            <param name="address">The address of the resource to download.</param>
            <param name="allowAutoRedirect">if set to <c>true</c>, response redirection is handled automatically.</param>
            <returns>The requested resource.</returns>
        </member>
        <member name="M:HgCo.WindowsLive.SkyDrive.Support.WebBrowser.UploadValuesUrlEncoded(System.Uri,System.Collections.Specialized.NameValueCollection)">
            <summary>
            Uploads a name/value collection in URL encoded format to a resource with the specified URI.
            </summary>
            <param name="address">The address of the resource to upload to.</param>
            <param name="parameters">The parameters to upload to the resourece.</param>
            <returns>The response from the resource.</returns>
        </member>
        <member name="M:HgCo.WindowsLive.SkyDrive.Support.WebBrowser.UploadValuesUrlEncoded(System.Uri,System.Collections.Specialized.NameValueCollection,System.Boolean)">
            <summary>
            Uploads a name/value collection in URL encoded format to a resource with the specified URI.
            </summary>
            <param name="address">The address of the resource to upload to.</param>
            <param name="parameters">The parameters to upload to the resourece.</param>
            <param name="allowAutoRedirect">if set to <c>true</c>, response redirection is handled automatically.</param>
            <returns>The response from the resource.</returns>
        </member>
        <member name="M:HgCo.WindowsLive.SkyDrive.Support.WebBrowser.UploadValuesMultipartEncoded(System.Uri,System.Collections.Generic.Dictionary{System.String,System.Object})">
            <summary>
            Uploads a name/value collection in Multipart encoded format to a resource with the specified URI.
            </summary>
            <param name="address">The address of the resource to upload to.</param>
            <param name="parameters">The parameters to upload to the resourece.</param>
            <returns>The response from the resource.</returns>
        </member>
        <member name="M:HgCo.WindowsLive.SkyDrive.Support.WebBrowser.UploadValuesMultipartEncoded(System.Uri,System.Collections.Generic.Dictionary{System.String,System.Object},System.Boolean)">
            <summary>
            Uploads a name/value collection in Multipart encoded format to a resource with the specified URI.
            </summary>
            <param name="address">The address of the resource to upload to.</param>
            <param name="parameters">The parameters to upload to the resourece.</param>
            <param name="allowAutoRedirect">if set to <c>true</c>, response redirection is handled automatically.</param>
            <returns>The response from the resource.</returns>
        </member>
        <member name="M:HgCo.WindowsLive.SkyDrive.Support.WebBrowser.ValidateServerCertificateCallback(System.Object,System.Security.Cryptography.X509Certificates.X509Certificate,System.Security.Cryptography.X509Certificates.X509Chain,System.Net.Security.SslPolicyErrors)">
            <summary>
            Verifies the remote Secure Sockets Layer (SSL) certificate used for authentication.
            </summary>
            <param name="sender">An object that contains state information for this validation.</param>
            <param name="cert">The certificate used to authenticate the remote party.</param>
            <param name="chain">The chain of certificate authorities associated with the remote certificate.</param>
            <param name="error">One or more errors associated with the remote certificate.</param>
            <returns>A boolean value that determines whether the specified certificate is accepted for authentication.</returns>
        </member>
        <member name="M:HgCo.WindowsLive.SkyDrive.Support.WebBrowser.GenerateMultiPartFormFieldHeaderBytes(System.String,System.String)">
            <summary>
            Generates the header bytes of a form field for a multi part request.
            </summary>
            <param name="fieldName">The name of the field.</param>
            <param name="multipartBoundary">The boundary of the multi part request.</param>
            <returns>The list of bytes representing the form field's header.</returns>
        </member>
        <member name="M:HgCo.WindowsLive.SkyDrive.Support.WebBrowser.GenerateMultiPartFormFieldHeaderBytes(System.String,System.String,System.String)">
            <summary>
            Generates the header bytes of a form file field for a multi part request.
            </summary>
            <param name="fieldName">The name of the field.</param>
            <param name="fileName">The name of the file.</param>
            <param name="multipartBoundary">The boundary of the multi part request.</param>
            <returns>The list of bytes representing the form file field's header.</returns>
        </member>
        <member name="M:HgCo.WindowsLive.SkyDrive.Support.WebBrowser.GenerateMultiPartFormFieldContentBytes(System.Object)">
            <summary>
            Generates the content bytes of a form field for a multi part request.
            </summary>
            <param name="fieldValue">The value of the field.</param>
            <returns>The list of bytes representing the form field's content.</returns>
        </member>
        <member name="P:HgCo.WindowsLive.SkyDrive.Support.WebBrowser.Session">
            <summary>
            Gets or sets the session.
            </summary>
            <value>The session.</value>
        </member>
        <member name="T:HgCo.WindowsLive.SkyDrive.WebFolderInfo">
            <summary>
            Provides webfolder content specific data.
            </summary>
        </member>
        <member name="T:HgCo.WindowsLive.SkyDrive.WebFolderItemInfo">
            <summary>
            Provides webfolderitem content specific data. This is an <c>abstract</c> class.
            </summary>
        </member>
        <member name="M:HgCo.WindowsLive.SkyDrive.WebFolderItemInfo.ToString">
            <summary>
            Returns a <see cref="T:System.String"/> that represents the current <see cref="T:System.Object"/>.
            </summary>
            <returns>
            A <see cref="T:System.String"/> that represents the current <see cref="T:System.Object"/>.
            </returns>
        </member>
        <member name="P:HgCo.WindowsLive.SkyDrive.WebFolderItemInfo.ItemType">
            <summary>
            Gets or sets the ItemType.
            </summary>
            <value>The ItemType.</value>
        </member>
        <member name="P:HgCo.WindowsLive.SkyDrive.WebFolderItemInfo.CreatorName">
            <summary>
            Gets or sets the name of the item's creator.
            </summary>
            <value>The name of the item's creator.</value>
        </member>
        <member name="P:HgCo.WindowsLive.SkyDrive.WebFolderItemInfo.CreatorUri">
            <summary>
            Gets or sets the URI to the creator's profile.
            </summary>
            <value>The URI to the creator's profile.</value>
        </member>
        <member name="P:HgCo.WindowsLive.SkyDrive.WebFolderItemInfo.Name">
            <summary>
            Gets or sets the name.
            </summary>
            <value>The name.</value>
        </member>
        <member name="P:HgCo.WindowsLive.SkyDrive.WebFolderItemInfo.Description">
            <summary>
            Gets or sets the description.
            </summary>
            <value>The description.</value>
        </member>
        <member name="P:HgCo.WindowsLive.SkyDrive.WebFolderItemInfo.ShareType">
            <summary>
            Gets or sets the ShareType.
            </summary>
            <value>The ShareType.</value>
        </member>
        <member name="P:HgCo.WindowsLive.SkyDrive.WebFolderItemInfo.Size">
            <summary>
            Gets or sets the size.
            </summary>
            <value>The size.</value>
        </member>
        <member name="P:HgCo.WindowsLive.SkyDrive.WebFolderItemInfo.DateAdded">
            <summary>
            Gets or sets the date when item was added.
            </summary>
            <value>The date when item was added.</value>
        </member>
        <member name="P:HgCo.WindowsLive.SkyDrive.WebFolderItemInfo.DateModified">
            <summary>
            Gets or sets the date when item was modified.
            </summary>
            <value>The date when item was modified.</value>
        </member>
        <member name="P:HgCo.WindowsLive.SkyDrive.WebFolderItemInfo.PathUrl">
            <summary>
            Gets or sets the path URL.
            </summary>
            <value>The path URL.</value>
        </member>
        <member name="M:HgCo.WindowsLive.SkyDrive.WebFolderInfo.#ctor">
            <summary>
            Initializes a new instance of the <see cref="T:HgCo.WindowsLive.SkyDrive.WebFolderInfo"/> class.
            </summary>
        </member>
        <member name="P:HgCo.WindowsLive.SkyDrive.WebFolderInfo.ContentType">
            <summary>
            Gets or sets ContentType.
            </summary>
            <value>The ContentType.</value>
        </member>
        <member name="T:HgCo.WindowsLive.SkyDrive.Support.UriHelper">
            <summary>
            Provides methods for handling URI.
            </summary>
        </member>
        <member name="M:HgCo.WindowsLive.SkyDrive.Support.UriHelper.GetUri(System.String)">
            <summary>
            Gets an URI from an URL string. It also decodes the URL string.
            </summary>
            <param name="url">The URL.</param>
            <returns>The URI.</returns>
        </member>
        <member name="T:HgCo.WindowsLive.SkyDrive.WebFileInfo">
            <summary>
            Provides webfile content specific data.
            </summary>
        </member>
        <member name="M:HgCo.WindowsLive.SkyDrive.WebFileInfo.#ctor">
            <summary>
            Initializes a new instance of the <see cref="T:HgCo.WindowsLive.SkyDrive.WebFileInfo"/> class.
            </summary>
        </member>
        <member name="P:HgCo.WindowsLive.SkyDrive.WebFileInfo.Extension">
            <summary>
            Gets the extension.
            </summary>
            <value>The extension.</value>
        </member>
        <member name="P:HgCo.WindowsLive.SkyDrive.WebFileInfo.FullName">
            <summary>
            Gets the full name (= Name + Extension).
            </summary>
            <value>The full name.</value>
        </member>
        <member name="P:HgCo.WindowsLive.SkyDrive.WebFileInfo.ContentType">
            <summary>
            Gets or sets ContentType.
            </summary>
            <value>The ContentType.</value>
        </member>
        <member name="T:HgCo.WindowsLive.SkyDrive.Support.MimeTypeHelper">
            <summary>
            Provides methods for mapping FileName into the appropriate MIME Content-Type.
            </summary>
        </member>
        <member name="F:HgCo.WindowsLive.SkyDrive.Support.MimeTypeHelper.DefaultContentType">
            <summary>
            Represents the default (fall-back) Content-Type.
            </summary>
        </member>
        <member name="F:HgCo.WindowsLive.SkyDrive.Support.MimeTypeHelper.dicMimeType">
            <summary>
            The dictionary containing the MIME Types.
            </summary>
        </member>
        <member name="M:HgCo.WindowsLive.SkyDrive.Support.MimeTypeHelper.InitMimeTypeDictionary">
            <summary>
            Initializes the <see cref="T:HgCo.WindowsLive.SkyDrive.Support.MimeTypeHelper"/> class.
            </summary>
        </member>
        <member name="M:HgCo.WindowsLive.SkyDrive.Support.MimeTypeHelper.GetContentType(System.String)">
            <summary>
            Gets the type of the content.
            </summary>
            <param name="fileName">Name of the file.</param>
            <returns></returns>
        </member>
        <member name="P:HgCo.WindowsLive.SkyDrive.Support.MimeTypeHelper.MimeTypeDictionary">
            <summary>
            Gets the dictionary containing the MIME Types.
            </summary>
            <value>The MIME Type dictionary (Dictionary[FileExtension:string, Content-Type:string]).</value>
        </member>
        <member name="T:HgCo.WindowsLive.SkyDrive.Support.WebFolderItemShareTypeHelper">
            <summary>
            Provides methods for handling enum <see cref="E:WebFolderItemShareType"/>.
            </summary>
        </member>
        <member name="M:HgCo.WindowsLive.SkyDrive.Support.WebFolderItemShareTypeHelper.ParseShareType(System.String)">
            <summary>
            Parses the ShareType from a string.
            </summary>
            <param name="sharedWith">The ShareType text.</param>
            <returns>The parsed ShareType.</returns>
        </member>
        <member name="T:HgCo.WindowsLive.SkyDrive.Support.WebResponseHelper">
            <summary>
            Provides methods for parsing WebResponse's Headers.
            </summary>
        </member>
        <member name="F:HgCo.WindowsLive.SkyDrive.Support.WebResponseHelper.RegexCookiePartDomain">
            <summary>
            The regular expression to parse Set-Cookie's part Domain.
            </summary>
        </member>
        <member name="F:HgCo.WindowsLive.SkyDrive.Support.WebResponseHelper.RegexCookiePartPath">
            <summary>
            The regular expression to parse Set-Cookie's part Path.
            </summary>
        </member>
        <member name="F:HgCo.WindowsLive.SkyDrive.Support.WebResponseHelper.RegexCookiePartExpires">
            <summary>
            The regular expression to parse Set-Cookie's part Expires.
            </summary>
        </member>
        <member name="F:HgCo.WindowsLive.SkyDrive.Support.WebResponseHelper.RegexCookiePartHttpOnly">
            <summary>
            The regular expression to parse Set-Cookie's part HttpOnly.
            </summary>
        </member>
        <member name="F:HgCo.WindowsLive.SkyDrive.Support.WebResponseHelper.RegexCookiePartSecure">
            <summary>
            The regular expression to parse Set-Cookie's part Secure.
            </summary>
        </member>
        <member name="F:HgCo.WindowsLive.SkyDrive.Support.WebResponseHelper.RegexCookiePartVersion">
            <summary>
            The regular expression to parse Set-Cookie's part Version.
            </summary>
        </member>
        <member name="F:HgCo.WindowsLive.SkyDrive.Support.WebResponseHelper.RegexCookiePartNameValue">
            <summary>
            The regular expression to parse Set-Cookie's part Name and Value.
            </summary>
        </member>
        <member name="M:HgCo.WindowsLive.SkyDrive.Support.WebResponseHelper.ParseCookies(System.Net.WebResponse)">
            <summary>
            Parses the cookies from the given webresponse's header.
            </summary>
            <param name="webResponse">The web response to parse.</param>
            <returns>The list of cookies.</returns>
        </member>
        <member name="M:HgCo.WindowsLive.SkyDrive.Support.WebResponseHelper.ParseCookie(System.String)">
            <summary>
            Parses a cookie from Set-Cookie string.
            </summary>
            <param name="setCookie">The Set-Cookie string.</param>
            <returns>The parsed cookie.</returns>
        </member>
        <member name="T:HgCo.WindowsLive.SkyDrive.WebFolderItemShareType">
            <summary>
            
            </summary>
        </member>
        <member name="F:HgCo.WindowsLive.SkyDrive.WebFolderItemShareType.None">
            <summary>
            
            </summary>
        </member>
        <member name="F:HgCo.WindowsLive.SkyDrive.WebFolderItemShareType.Public">
            <summary>
            
            </summary>
        </member>
        <member name="F:HgCo.WindowsLive.SkyDrive.WebFolderItemShareType.MyNetwork">
            <summary>
            
            </summary>
        </member>
        <member name="F:HgCo.WindowsLive.SkyDrive.WebFolderItemShareType.PeopleSelected">
            <summary>
            
            </summary>
        </member>
        <member name="F:HgCo.WindowsLive.SkyDrive.WebFolderItemShareType.Private">
            <summary>
            
            </summary>
        </member>
        <member name="T:HgCo.WindowsLive.SkyDrive.WebFolderContentType">
            <summary>
            
            </summary>
        </member>
        <member name="F:HgCo.WindowsLive.SkyDrive.WebFolderContentType.None">
            <summary>
            
            </summary>
        </member>
        <member name="F:HgCo.WindowsLive.SkyDrive.WebFolderContentType.Documents">
            <summary>
            
            </summary>
        </member>
        <member name="F:HgCo.WindowsLive.SkyDrive.WebFolderContentType.Favorites">
            <summary>
            
            </summary>
        </member>
        <member name="F:HgCo.WindowsLive.SkyDrive.WebFolderContentType.Photos">
            <summary>
            
            </summary>
        </member>
        <member name="T:HgCo.WindowsLive.SkyDrive.WebFolderItemType">
            <summary>
            
            </summary>
        </member>
        <member name="F:HgCo.WindowsLive.SkyDrive.WebFolderItemType.None">
            <summary>
            
            </summary>
        </member>
        <member name="F:HgCo.WindowsLive.SkyDrive.WebFolderItemType.Folder">
            <summary>
            
            </summary>
        </member>
        <member name="F:HgCo.WindowsLive.SkyDrive.WebFolderItemType.File">
            <summary>
            
            </summary>
        </member>
        <member name="T:HgCo.WindowsLive.SkyDrive.WebSession">
            <summary>
            Provides methods for handling web session information.
            </summary>
        </member>
        <member name="F:HgCo.WindowsLive.SkyDrive.WebSession.RegexCid">
            <summary>
            The regular expression to parse Windows Live Identifier (CID).
            </summary>
        </member>
        <member name="F:HgCo.WindowsLive.SkyDrive.WebSession.cookieList">
            <summary>
            The list of cookies.
            </summary>
        </member>
        <member name="F:HgCo.WindowsLive.SkyDrive.WebSession.webrespHelper">
            <summary>
            The webresponse helper for parsing cookies.
            </summary>
        </member>
        <member name="F:HgCo.WindowsLive.SkyDrive.WebSession.lockObject">
            <summary>
            The lock object used for thread safety.
            </summary>
        </member>
        <member name="M:HgCo.WindowsLive.SkyDrive.WebSession.#ctor">
            <summary>
            Initializes a new instance of the <see cref="T:HgCo.WindowsLive.SkyDrive.WebSession"/> class.
            </summary>
        </member>
        <member name="M:HgCo.WindowsLive.SkyDrive.WebSession.Apply(System.Net.WebRequest)">
            <summary>
            Applies session information on the given web request.
            </summary>
            <param name="webRequest">The web request.</param>
        </member>
        <member name="M:HgCo.WindowsLive.SkyDrive.WebSession.Read(System.Net.WebResponse)">
            <summary>
            Reads session information out of the specified web response.
            </summary>
            <param name="webResponse">The web response.</param>
        </member>
        <member name="M:HgCo.WindowsLive.SkyDrive.WebSession.AddCookie(System.String,System.String,System.String)">
            <summary>
            Adds a cookie to the session.
            </summary>
            <param name="name">The name.</param>
            <param name="value">The value.</param>
            <param name="domain">The domain.</param>
        </member>
        <member name="M:HgCo.WindowsLive.SkyDrive.WebSession.AddCookie(System.Net.Cookie)">
            <summary>
            Adds a cookie to the session.
            </summary>
            <param name="cookie">The cookie to add.</param>
        </member>
        <member name="P:HgCo.WindowsLive.SkyDrive.WebSession.Cid">
            <summary>
            Gets or sets the Windows Live Identifier (CID).
            </summary>
            <value>The CID.</value>
        </member>
        <member name="T:HgCo.WindowsLive.SkyDrive.Support.UnixDateTimeHelper">
            <summary>
            Provides methods for converting UNIX time to/from .Net datetime.
            </summary>
        </member>
        <member name="F:HgCo.WindowsLive.SkyDrive.Support.UnixDateTimeHelper.UnixDateTimeOrigin">
            <summary>
            The starting datetime (origin) of the UNIX time representation.
            </summary>
        </member>
        <member name="M:HgCo.WindowsLive.SkyDrive.Support.UnixDateTimeHelper.ConvertToDateTime(System.Int32)">
            <summary>
            Converts the UNIX time to its .Net datetime equivalent.
            </summary>
            <param name="value">The UNIX time.</param>
            <returns>The .Net datetime.</returns>
        </member>
        <member name="M:HgCo.WindowsLive.SkyDrive.Support.UnixDateTimeHelper.ConvertToDateTime(System.String)">
            <summary>
            Converts UNIX time string to its .Net datetime equivalent.
            </summary>
            <param name="value">The UNIX time string.</param>
            <returns>The .Net datetime.</returns>
            <remarks>If UNIX time string cannot be converted to .Net datetime, null is returned.</remarks>
        </member>
        <member name="M:HgCo.WindowsLive.SkyDrive.Support.UnixDateTimeHelper.Parse(System.DateTime)">
            <summary>
            Converts .Net datetime to its UNIX time equivalent.
            </summary>
            <param name="date">The .Net datetime.</param>
            <returns>The UNIX time.</returns>
            <remarks>If .Net datetime cannot be converted to UNIX time, zero is returned.</remarks>
        </member>
        <member name="M:HgCo.WindowsLive.SkyDrive.Support.UnixDateTimeHelper.Parse(System.Nullable{System.DateTime})">
            <summary>
            Converts .Net datetime to its UNIX time equivalent.
            </summary>
            <param name="date">The .Net datetime.</param>
            <returns>The UNIX time.</returns>
            <remarks>If .Net datetime cannot be converted to UNIX time, zero is returned.</remarks>
        </member>
        <member name="T:HgCo.WindowsLive.SkyDrive.OperationFailedException">
            <summary>
            The exception is thrown when an operation is failed.
            </summary>
        </member>
        <member name="M:HgCo.WindowsLive.SkyDrive.OperationFailedException.#ctor">
            <summary>
            Initializes a new instance of the <see cref="T:HgCo.WindowsLive.SkyDrive.OperationFailedException"/> class.
            </summary>
        </member>
        <member name="M:HgCo.WindowsLive.SkyDrive.OperationFailedException.#ctor(System.String)">
            <summary>
            Initializes a new instance of the <see cref="T:HgCo.WindowsLive.SkyDrive.OperationFailedException"/> class.
            </summary>
            <param name="message">The message.</param>
        </member>
        <member name="M:HgCo.WindowsLive.SkyDrive.OperationFailedException.#ctor(System.String,System.Exception)">
            <summary>
            Initializes a new instance of the <see cref="T:HgCo.WindowsLive.SkyDrive.OperationFailedException"/> class.
            </summary>
            <param name="message">The message.</param>
            <param name="innerException">The inner exception.</param>
        </member>
        <member name="M:HgCo.WindowsLive.SkyDrive.OperationFailedException.#ctor(System.Runtime.Serialization.SerializationInfo,System.Runtime.Serialization.StreamingContext)">
            <summary>
            Initializes a new instance of the <see cref="T:HgCo.WindowsLive.SkyDrive.OperationFailedException"/> class.
            </summary>
            <param name="info">The <see cref="T:System.Runtime.Serialization.SerializationInfo"/> that holds the serialized object data about the exception being thrown.</param>
            <param name="context">The <see cref="T:System.Runtime.Serialization.StreamingContext"/> that contains contextual information about the source or destination.</param>
            <exception cref="T:System.ArgumentNullException">
            The <paramref name="info"/> parameter is null.
            </exception>
            <exception cref="T:System.Runtime.Serialization.SerializationException">
            The class name is null or <see cref="P:System.Exception.HResult"/> is zero (0).
            </exception>
        </member>
        <member name="T:HgCo.WindowsLive.SkyDrive.LogOnFailedException">
            <summary>
            The exception is thrown when log on operation is failed.
            </summary>
        </member>
        <member name="M:HgCo.WindowsLive.SkyDrive.LogOnFailedException.#ctor">
            <summary>
            Initializes a new instance of the <see cref="T:HgCo.WindowsLive.SkyDrive.LogOnFailedException"/> class.
            </summary>
        </member>
        <member name="M:HgCo.WindowsLive.SkyDrive.LogOnFailedException.#ctor(System.String)">
            <summary>
            Initializes a new instance of the <see cref="T:HgCo.WindowsLive.SkyDrive.LogOnFailedException"/> class.
            </summary>
            <param name="message">The message.</param>
        </member>
        <member name="M:HgCo.WindowsLive.SkyDrive.LogOnFailedException.#ctor(System.String,System.Exception)">
            <summary>
            Initializes a new instance of the <see cref="T:HgCo.WindowsLive.SkyDrive.LogOnFailedException"/> class.
            </summary>
            <param name="message">The message.</param>
            <param name="innerException">The inner exception.</param>
        </member>
        <member name="M:HgCo.WindowsLive.SkyDrive.LogOnFailedException.#ctor(System.Runtime.Serialization.SerializationInfo,System.Runtime.Serialization.StreamingContext)">
            <summary>
            Initializes a new instance of the <see cref="T:HgCo.WindowsLive.SkyDrive.LogOnFailedException"/> class.
            </summary>
            <param name="info">The <see cref="T:System.Runtime.Serialization.SerializationInfo"/> that holds the serialized object data about the exception being thrown.</param>
            <param name="context">The <see cref="T:System.Runtime.Serialization.StreamingContext"/> that contains contextual information about the source or destination.</param>
            <exception cref="T:System.ArgumentNullException">
            The <paramref name="info"/> parameter is null.
            </exception>
            <exception cref="T:System.Runtime.Serialization.SerializationException">
            The class name is null or <see cref="P:System.Exception.HResult"/> is zero (0).
            </exception>
        </member>
        <member name="T:HgCo.WindowsLive.SkyDrive.WebFolderViewType">
            <summary>
            
            </summary>
        </member>
        <member name="F:HgCo.WindowsLive.SkyDrive.WebFolderViewType.None">
            <summary>
            
            </summary>
        </member>
        <member name="F:HgCo.WindowsLive.SkyDrive.WebFolderViewType.Details">
            <summary>
            
            </summary>
        </member>
        <member name="F:HgCo.WindowsLive.SkyDrive.WebFolderViewType.Icons">
            <summary>
            
            </summary>
        </member>
        <member name="F:HgCo.WindowsLive.SkyDrive.WebFolderViewType.Thumbnails">
            <summary>
            
            </summary>
        </member>
        <member name="T:HgCo.WindowsLive.SkyDrive.Support.HtmlDocumentHelper">
            <summary>
            Provides methods for parsing HTML documents.
            </summary>
        </member>
        <member name="M:HgCo.WindowsLive.SkyDrive.Support.HtmlDocumentHelper.GetTagByName(System.String,System.String)">
            <summary>
            Gets a tag by name.
            </summary>
            <param name="htmlDocument">The HTML document to parse.</param>
            <param name="tagName">The name of the tag.</param>
            <returns>The tag.</returns>
        </member>
        <member name="M:HgCo.WindowsLive.SkyDrive.Support.HtmlDocumentHelper.GetMetaTagRefreshUri(System.String)">
            <summary>
            Gets the meta tag's refresh URI.
            </summary>
            <param name="htmlDocument">The HTML document.</param>
            <returns>The refresh URI.</returns>
        </member>
        <member name="M:HgCo.WindowsLive.SkyDrive.Support.HtmlDocumentHelper.GetTagAttributeValueByName(System.String,System.String)">
            <summary>
            Gets the value of a tag's attribute.
            </summary>
            <param name="tagAttributes">The tag attributes.</param>
            <param name="tagAttributeName">The name of the tag attribute to get.</param>
            <returns>The attribute's value.</returns>
        </member>
        <member name="M:HgCo.WindowsLive.SkyDrive.Support.HtmlDocumentHelper.GetTagAttributes(System.String)">
            <summary>
            Gets a tag attributes.
            </summary>
            <param name="tag">The tag.</param>
            <returns>The collection of attributes.</returns>
        </member>
        <member name="M:HgCo.WindowsLive.SkyDrive.Support.HtmlDocumentHelper.DecodeUnicodeString(System.String)">
            <summary>
            Decodes a unicode string by replacing the escaped strings to the appropriate unicode chars.
            </summary>
            <param name="text">The string to decode.</param>
            <returns>The decoded string.</returns>
        </member>
        <member name="M:HgCo.WindowsLive.SkyDrive.Support.HtmlDocumentHelper.DecodeJavascriptString(System.String)">
            <summary>
            Decodes a javascript string by replacing the escaped strings (\x00) 
            to the appropriate ASCII char.
            </summary>
            <param name="text">The string to decode.</param>
            <returns>The decoded string.</returns>
        </member>
        <member name="T:HgCo.WindowsLive.SkyDrive.SkyDriveWebClient">
            <summary>
            Provides methods (API) for interacting with SkyDrive online storage.
            </summary>
        </member>
        <member name="F:HgCo.WindowsLive.SkyDrive.SkyDriveWebClient.RegexUserName">
            <summary>
            The regular expression to parse user name.
            </summary>
        </member>
        <member name="F:HgCo.WindowsLive.SkyDrive.SkyDriveWebClient.RegexLogOnUploadUrl">
            <summary>
            The regular expression to parse the postback URL from JavaScript to log on.
            </summary>
        </member>
        <member name="F:HgCo.WindowsLive.SkyDrive.SkyDriveWebClient.RegexWebFolderItemPathUrl">
            <summary>
            The regular expression to parse webfolderitem's path URL from HTML.
            </summary>
        </member>
        <member name="F:HgCo.WindowsLive.SkyDrive.SkyDriveWebClient.RegexWebFolderItemTitle">
            <summary>
            The regular expression to parse webfolderitem's title attribute from HTML.
            </summary>
        </member>
        <member name="F:HgCo.WindowsLive.SkyDrive.SkyDriveWebClient.RegexWebFileDownloadUrl">
            <summary>
            The regular expression to parse the webfile's download URL from JavaScript.
            </summary>
        </member>
        <member name="F:HgCo.WindowsLive.SkyDrive.SkyDriveWebClient.LogOnUri">
            <summary>
            The URI of the log on page.
            </summary>
        </member>
        <member name="M:HgCo.WindowsLive.SkyDrive.SkyDriveWebClient.#ctor">
            <summary>
            Initializes a new instance of the <see cref="T:HgCo.WindowsLive.SkyDrive.SkyDriveWebClient"/> class.
            </summary>
        </member>
        <member name="M:HgCo.WindowsLive.SkyDrive.SkyDriveWebClient.#ctor(HgCo.WindowsLive.SkyDrive.WebSession)">
            <summary>
            Initializes a new instance of the <see cref="T:HgCo.WindowsLive.SkyDrive.SkyDriveWebClient"/> class.
            </summary>
            <param name="session">The session to use for SkyDrive communication.</param>
        </member>
        <member name="M:HgCo.WindowsLive.SkyDrive.SkyDriveWebClient.LogOn(System.String,System.String)">
            <summary>
            Logs on to a specified user account.
            </summary>
            <param name="userName">The name of the user.</param>
            <param name="userPassword">The user password.</param>
        </member>
        <member name="M:HgCo.WindowsLive.SkyDrive.SkyDriveWebClient.ListRootWebFolderItems">
            <summary>
            Lists webfolderitems located in SkyDrive's root.
            </summary>
            <returns>The list of webfolderitems in SkyDrive's root.</returns>
        </member>
        <member name="M:HgCo.WindowsLive.SkyDrive.SkyDriveWebClient.ListSubWebFolderItems(HgCo.WindowsLive.SkyDrive.WebFolderInfo)">
            <summary>
            Lists webfolderitems located in a sub webfolder.
            </summary>
            <param name="webFolderParent">The webfolder which webfolderitems are to be listed.</param>
            <returns>The list of webfolderitems in the sub webfolder.</returns>
        </member>
        <member name="M:HgCo.WindowsLive.SkyDrive.SkyDriveWebClient.GetWebFolderItem(HgCo.WindowsLive.SkyDrive.WebFolderItemInfo)">
            <summary>
            Gets a webfolderitem with all data.
            </summary>
            <param name="webFolderItem">The webfolderitem.</param>
            <returns>The webfolderitem with all data.</returns>
        </member>
        <member name="M:HgCo.WindowsLive.SkyDrive.SkyDriveWebClient.RenameWebFolderItem(HgCo.WindowsLive.SkyDrive.WebFolderItemInfo,System.String)">
            <summary>
            Renames a webfolderitem.
            </summary>
            <param name="webFolderItem">The webfolderitem to be renamed.</param>
            <param name="newName">The new name.</param>
        </member>
        <member name="M:HgCo.WindowsLive.SkyDrive.SkyDriveWebClient.ChangeWebFolderItemDescription(HgCo.WindowsLive.SkyDrive.WebFolderItemInfo,System.String)">
            <summary>
            Changes the description of a webfolderitem.
            </summary>
            <param name="webFolderItem">The webfolderitem to be changed.</param>
            <param name="newDescription">The new description.</param>
        </member>
        <member name="M:HgCo.WindowsLive.SkyDrive.SkyDriveWebClient.DeleteWebFolderItem(HgCo.WindowsLive.SkyDrive.WebFolderItemInfo)">
            <summary>
            Deletes a webfolderitem.
            </summary>
            <param name="webFolderItem">The webfolderitem to be deleted.</param>
        </member>
        <member name="M:HgCo.WindowsLive.SkyDrive.SkyDriveWebClient.CreateRootWebFolder(System.String,HgCo.WindowsLive.SkyDrive.WebFolderItemShareType)">
            <summary>
            Creates a webfolder in SkyDrive's root.
            </summary>
            <param name="name">The name of the webfolder.</param>
            <param name="shareType">The ShareType of the webfolder.</param>
        </member>
        <member name="M:HgCo.WindowsLive.SkyDrive.SkyDriveWebClient.CreateSubWebFolder(System.String,HgCo.WindowsLive.SkyDrive.WebFolderInfo)">
            <summary>
            Creates a webfolder in a sub webfolder.
            </summary>
            <param name="name">The name of the webfolder.</param>
            <param name="webFolderParent">The webfolder where the new webfolder is to be created.</param>
        </member>
        <member name="M:HgCo.WindowsLive.SkyDrive.SkyDriveWebClient.ListRootWebFolders">
            <summary>
            Lists webfolders located in SkyDrive's root.
            </summary>
            <returns>The list of webfolders in SkyDrive's root.</returns>
        </member>
        <member name="M:HgCo.WindowsLive.SkyDrive.SkyDriveWebClient.ListSubWebFolders(HgCo.WindowsLive.SkyDrive.WebFolderInfo)">
            <summary>
            Lists webfolders located in a sub webfolder.
            </summary>
            <param name="webFolderParent">The webfolder which webfolders are to be listed.</param>
            <returns>The list of webfolders in the sub webfolder.</returns>
        </member>
        <member name="M:HgCo.WindowsLive.SkyDrive.SkyDriveWebClient.GetWebFolder(HgCo.WindowsLive.SkyDrive.WebFolderInfo)">
            <summary>
            Gets a webfolder with all data.
            </summary>
            <param name="webFolder">The webfolder.</param>
            <returns>The webfolder with all data.</returns>
        </member>
        <member name="M:HgCo.WindowsLive.SkyDrive.SkyDriveWebClient.DownloadWebFolder(HgCo.WindowsLive.SkyDrive.WebFolderInfo)">
            <summary>
            Downloads a webfolder's content as a .zip package.
            </summary>
            <param name="webFolder">The webfolder to be downloaded.</param>
            <returns>The webfolder as a .zip package.</returns>
        </member>
        <member name="M:HgCo.WindowsLive.SkyDrive.SkyDriveWebClient.RenameWebFolder(HgCo.WindowsLive.SkyDrive.WebFolderInfo,System.String)">
            <summary>
            Renames a webfolder.
            </summary>
            <param name="webFolder">The webfolder to be renamed.</param>
            <param name="newName">The new name.</param>
        </member>
        <member name="M:HgCo.WindowsLive.SkyDrive.SkyDriveWebClient.ChangeWebFolderDescription(HgCo.WindowsLive.SkyDrive.WebFolderInfo,System.String)">
            <summary>
            Changes the description of a webfolder.
            </summary>
            <param name="webFolder">The webfolder to be changed.</param>
            <param name="newDescription">The new description.</param>
        </member>
        <member name="M:HgCo.WindowsLive.SkyDrive.SkyDriveWebClient.ChangeRootWebFolderContentType(HgCo.WindowsLive.SkyDrive.WebFolderInfo,HgCo.WindowsLive.SkyDrive.WebFolderContentType)">
            <summary>
            Changes the ContentType of a webfolder in SkyDrive's root.
            </summary>
            <param name="webFolder">The webfolder.</param>
            <param name="newContentType">The new ContenType of the webfolder.</param>
        </member>
        <member name="M:HgCo.WindowsLive.SkyDrive.SkyDriveWebClient.DeleteWebFolder(HgCo.WindowsLive.SkyDrive.WebFolderInfo)">
            <summary>
            Deletes a webfolder.
            </summary>
            <param name="webFolder">The webfolder to be deleted.</param>
        </member>
        <member name="M:HgCo.WindowsLive.SkyDrive.SkyDriveWebClient.UploadWebFile(System.String,HgCo.WindowsLive.SkyDrive.WebFolderInfo)">
            <summary>
            Uploads a webfile to the specified webfolder.
            </summary>
            <param name="fileName">The name of the file (including path) to upload.</param>
            <param name="webFolderParent">The webfolder where webfile is to be uploaded.</param>
        </member>
        <member name="M:HgCo.WindowsLive.SkyDrive.SkyDriveWebClient.ListSubWebFolderFiles(HgCo.WindowsLive.SkyDrive.WebFolderInfo)">
            <summary>
            Lists webfiles located in a sub webfolder.
            </summary>
            <param name="webFolderParent">The webfolder which webfiles are to be listed.</param>
            <returns>The list of webfiles in the sub webfolder.</returns>
        </member>
        <member name="M:HgCo.WindowsLive.SkyDrive.SkyDriveWebClient.GetWebFile(HgCo.WindowsLive.SkyDrive.WebFileInfo)">
            <summary>
            Gets a webfile with all data.
            </summary>
            <param name="webFile">The webfile.</param>
            <returns>The webfile with all data.</returns>
        </member>
        <member name="M:HgCo.WindowsLive.SkyDrive.SkyDriveWebClient.DownloadWebFile(HgCo.WindowsLive.SkyDrive.WebFileInfo)">
            <summary>
            Downloads a webfile.
            </summary>
            <param name="webFile">The webfile to download.</param>
            <returns>The readable stream that contains the webfile's content.</returns>
        </member>
        <member name="M:HgCo.WindowsLive.SkyDrive.SkyDriveWebClient.RenameWebFile(HgCo.WindowsLive.SkyDrive.WebFileInfo,System.String)">
            <summary>
            Renames a webfile.
            </summary>
            <param name="webFile">The webfile to be renamed.</param>
            <param name="newName">The new name.</param>
        </member>
        <member name="M:HgCo.WindowsLive.SkyDrive.SkyDriveWebClient.ChangeWebFileDescription(HgCo.WindowsLive.SkyDrive.WebFileInfo,System.String)">
            <summary>
            Changes the description of a webfile.
            </summary>
            <param name="webFile">The webfile to be changed.</param>
            <param name="newDescription">The new description.</param>
        </member>
        <member name="M:HgCo.WindowsLive.SkyDrive.SkyDriveWebClient.DeleteWebFile(HgCo.WindowsLive.SkyDrive.WebFileInfo)">
            <summary>
            Deletes a webfile.
            </summary>
            <param name="webFile">The webFile to be deleted.</param>
        </member>
        <member name="M:HgCo.WindowsLive.SkyDrive.SkyDriveWebClient.CreateFavorite(System.String,System.Uri,HgCo.WindowsLive.SkyDrive.WebFolderInfo)">
            <summary>
            Creates a webfavorite in a sub webfolder.
            </summary>
            <param name="name">The name of the webfavorite.</param>
            <param name="webAddress">The web address of the webfavorite.</param>
            <param name="webFolderParent">The webfolder where the webfavorite is to be created.</param>
        </member>
        <member name="M:HgCo.WindowsLive.SkyDrive.SkyDriveWebClient.CreateFavorite(System.String,System.Uri,System.String,HgCo.WindowsLive.SkyDrive.WebFolderInfo)">
            <summary>
            Creates a webfavorite in a sub webfolder.
            </summary>
            <param name="name">The name of the webfavorite.</param>
            <param name="webAddress">The web address of the webfavorite.</param>
            <param name="description">The description of the webfavorite.</param>
            <param name="webFolderParent">The webfolder where the webfavorite is to be created.</param>
        </member>
        <member name="M:HgCo.WindowsLive.SkyDrive.SkyDriveWebClient.GetWebFavorite(HgCo.WindowsLive.SkyDrive.WebFavoriteInfo)">
            <summary>
            Gets a webfavorite with all data.
            </summary>
            <param name="webFavorite">The webfavorite.</param>
            <returns>The webfavorite with all data.</returns>
        </member>
        <member name="M:HgCo.WindowsLive.SkyDrive.SkyDriveWebClient.RenameWebFavorite(HgCo.WindowsLive.SkyDrive.WebFavoriteInfo,System.String)">
            <summary>
            Renames a webfavorite.
            </summary>
            <param name="webFavorite">The webfavorite to be renamed.</param>
            <param name="newName">The new name.</param>
        </member>
        <member name="M:HgCo.WindowsLive.SkyDrive.SkyDriveWebClient.DownloadWebFavorite(HgCo.WindowsLive.SkyDrive.WebFavoriteInfo)">
            <summary>
            Downloads a webfavorite.
            </summary>
            <param name="webFavorite">The webfavorite to download.</param>
            <returns>The readable stream that contains the webfavorite's content.</returns>
        </member>
        <member name="M:HgCo.WindowsLive.SkyDrive.SkyDriveWebClient.DeleteFavorite(HgCo.WindowsLive.SkyDrive.WebFavoriteInfo)">
            <summary>
            Deletes a webfavorite.
            </summary>
            <param name="webFavorite">The webfavorite to be deleted.</param>
        </member>
        <member name="M:HgCo.WindowsLive.SkyDrive.SkyDriveWebClient.GetRootWebFolderCreateUri(HgCo.WindowsLive.SkyDrive.WebSession)">
            <summary>
            Gets the URI for creating a webfolder in SkyDrive's root.
            </summary>
            <param name="session">The session.</param>
            <returns>The URI for creating a webfolder in SkyDrive's root.</returns>
        </member>
        <member name="M:HgCo.WindowsLive.SkyDrive.SkyDriveWebClient.GetSubWebFolderCreateUri(HgCo.WindowsLive.SkyDrive.WebSession,HgCo.WindowsLive.SkyDrive.WebFolderInfo)">
            <summary>
            Gets the URI for creating a webfolder in a sub webfolder.
            </summary>
            <param name="session">The session.</param>
            <param name="webFolderParent">The webfolder where the new webfolder is to be created.</param>
            <returns>The URI for creating a webfolder in a sub webfolder.</returns>
        </member>
        <member name="M:HgCo.WindowsLive.SkyDrive.SkyDriveWebClient.GetWebFolderItemChangeDescriptionUri(HgCo.WindowsLive.SkyDrive.WebSession,HgCo.WindowsLive.SkyDrive.WebFolderItemInfo)">
            <summary>
            Gets the URI for changing description of a webfolderitem.
            </summary>
            <param name="session">The session.</param>
            <param name="webFolderItem">The webfolderitem to be changed.</param>
            <returns>The URI for changing description of a webfolderitem.</returns>
        </member>
        <member name="M:HgCo.WindowsLive.SkyDrive.SkyDriveWebClient.GetWebFavoriteCreateUri(HgCo.WindowsLive.SkyDrive.WebSession,HgCo.WindowsLive.SkyDrive.WebFolderInfo)">
            <summary>
            Gets the URI for creating a webfavorite in a sub webfolder.
            </summary>
            <param name="session">The session.</param>
            <param name="webFolderParent">The webfolder where the webfavorite is to be created.</param>
            <returns>The URI for creating a webfavorite in a sub webfolder.</returns>
        </member>
        <member name="M:HgCo.WindowsLive.SkyDrive.SkyDriveWebClient.GetWebFileUploadUri(HgCo.WindowsLive.SkyDrive.WebSession,HgCo.WindowsLive.SkyDrive.WebFolderInfo)">
            <summary>
            Gets the URI for uploading a webfile to a sub webfolder.
            </summary>
            <param name="session">The session.</param>
            <param name="webFolderParent">The webfolder where webfile is to be uploaded.</param>
            <returns>The URI for uploading a webfile to a sub webfolder.</returns>
        </member>
        <member name="M:HgCo.WindowsLive.SkyDrive.SkyDriveWebClient.GetRootWebFolderBrowseUri(HgCo.WindowsLive.SkyDrive.WebSession)">
            <summary>
            Gets the URI for browsing a webfolder in SkyDrive's root.
            </summary>
            <param name="session">The session.</param>
            <returns>The URI for browsing a webfolder in SkyDrive's root.</returns>
        </member>
        <member name="M:HgCo.WindowsLive.SkyDrive.SkyDriveWebClient.GetSubWebFolderBrowseUri(HgCo.WindowsLive.SkyDrive.WebSession,HgCo.WindowsLive.SkyDrive.WebFolderInfo)">
            <summary>
            Gets the URI for browsing a webfolder in a sub webfolder.
            </summary>
            <param name="session">The session.</param>
            <param name="webFolderParent">The webfolder where sub webfolder is to be browsed.</param>
            <returns>The URI for browsing a webfolder in a sub webfolder.</returns>
        </member>
        <member name="M:HgCo.WindowsLive.SkyDrive.SkyDriveWebClient.GetWebFolderItemViewUri(HgCo.WindowsLive.SkyDrive.WebSession,HgCo.WindowsLive.SkyDrive.WebFolderItemInfo)">
            <summary>
            Gets the URI for viewing a webfolderitem.
            </summary>
            <param name="session">The session.</param>
            <param name="webFolderItem">The webfolderitem to view.</param>
            <returns>The URI for viewing a webfolderitem.</returns>
        </member>
        <member name="M:HgCo.WindowsLive.SkyDrive.SkyDriveWebClient.GetWebFolderItemRenameUri(HgCo.WindowsLive.SkyDrive.WebSession,HgCo.WindowsLive.SkyDrive.WebFolderItemInfo)">
            <summary>
            Gets the URI for renaming a webfolderitem.
            </summary>
            <param name="session">The session.</param>
            <param name="webFolderItem">The webfolderitem to rename.</param>
            <returns>The URI for renaming a webfolderitem.</returns>
        </member>
        <member name="M:HgCo.WindowsLive.SkyDrive.SkyDriveWebClient.ParseFormPostBackParameters(System.String,System.String)">
            <summary>
            Parses an HTML form tags which can participate in a postback.
            </summary>
            <param name="html">The HTML to parse.</param>
            <param name="formName">The name of the form to parse.</param>
            <returns>The parameters found in the specified form.</returns>
        </member>
        <member name="M:HgCo.WindowsLive.SkyDrive.SkyDriveWebClient.ParseFormPostBackParameters(HtmlAgilityPack.HtmlDocument,System.String)">
            <summary>
            Parses an HTML form tags which can participate in a postback.
            </summary>
            <param name="document">The HTML document to parse.</param>
            <param name="formName">The name of the form to parse.</param>
            <returns>The parameters found in the specified form.</returns>
        </member>
        <member name="P:HgCo.WindowsLive.SkyDrive.SkyDriveWebClient.Session">
            <summary>
            Gets or sets the session used for SkyDrive communication.
            </summary>
            <value>The session.</value>
        </member>
        <member name="T:HgCo.WindowsLive.SkyDrive.Support.WebFolderViewTypeHelper">
            <summary>
            Provides methods for handling enum <see cref="E:WebFolderViewType"/>.
            </summary>
        </member>
        <member name="M:HgCo.WindowsLive.SkyDrive.Support.WebFolderViewTypeHelper.ParseViewType(System.String)">
            <summary>
            Parses the ViewType from a string.
            </summary>
            <param name="viewTypeText">The ViewType text.</param>
            <returns>The parsed ViewType.</returns>
        </member>
        <member name="T:HgCo.WindowsLive.SkyDrive.WebFavoriteInfo">
            <summary>
            Provides favorite webfile content specific data.
            </summary>
        </member>
        <member name="M:HgCo.WindowsLive.SkyDrive.WebFavoriteInfo.#ctor">
            <summary>
            Initializes a new instance of the <see cref="T:HgCo.WindowsLive.SkyDrive.WebFavoriteInfo"/> class.
            </summary>
        </member>
        <member name="P:HgCo.WindowsLive.SkyDrive.WebFavoriteInfo.WebAddress">
            <summary>
            Gets or sets the web address.
            </summary>
            <value>The web address.</value>
        </member>
    </members>
</doc>
