<?xml version="1.0" encoding="UTF-8" standalone="yes"?>
<PriInfo>
	<ResourceMap name="LiveResources" version="1.0" primary="true">
		<Qualifiers>
			<Language>ZU-ZA, ZH-HANT, ZH-HANS, YO-NG, XH-ZA, VI, UZ-LATN-UZ, UR, UK, TR, TN-ZA, TK-TM, TH, TE, TA, SW, SV, SR-LATN-CS, SR-CYRL-CS, SQ, SL, SK, SI-LK, RU, RO, QUZ-PE, PT-PT, PT-BR, PRS-AF, PL, PA, OR-IN, NSO-ZA, NO, NN-NO, NL, NE-NP, MT-MT, MS, MR, ML-IN, MK, MI-NZ, LV, LT, LB-LU, KOK, KN, KM-KH, KK, KA, JA, JA-PLOC-JP, IU-LATN-CA, IT, IS, IG-NG, ID, HY, HU, HR, HI, HE, HA-LATN-NG, GU, GL, GA-IE, FR, FIL-PH, FA, EU, ET, ES, EN, EN-LOCR-US, EN-GB, EL, DE, DA, CY-GB, BS-LATN-BA, BS-CYRL-BA, BN-IN, BN-BD, BG, AZ-LATN-AZ, AS-IN, AR, AR-PLOC-SA, AM-ET</Language>
		</Qualifiers>
		<ResourceMap name="Files">
			<NamedResource name="Files/default.html">
				<Candidate type="Path">
					<Value>default.html</Value>
				</Candidate>
			</NamedResource>
			<NamedResource name="Files/images/logo.png">
				<Candidate type="Path">
					<Value>images\logo.png</Value>
				</Candidate>
			</NamedResource>
			<NamedResource name="Files/images/smalllogo.png">
				<Candidate type="Path">
					<Value>images\smalllogo.png</Value>
				</Candidate>
			</NamedResource>
			<NamedResource name="Files/images/splashscreen.png">
				<Candidate type="Path">
					<Value>images\splashscreen.png</Value>
				</Candidate>
			</NamedResource>
			<NamedResource name="Files/images/storelogo.png">
				<Candidate type="Path">
					<Value>images\storelogo.png</Value>
				</Candidate>
			</NamedResource>
		</ResourceMap>
		<ResourceMap name="WLText">
			<NamedResource name="WLText/connect">
				<Candidate qualifiers="Language-ZU-ZA" type="String">
					<Value>Connect</Value>
				</Candidate>
				<Candidate qualifiers="Language-ZH-HANT" type="String">
					<Value>連線</Value>
				</Candidate>
				<Candidate qualifiers="Language-ZH-HANS" type="String">
					<Value>连接</Value>
				</Candidate>
				<Candidate qualifiers="Language-YO-NG" type="String">
					<Value>Connect</Value>
				</Candidate>
				<Candidate qualifiers="Language-XH-ZA" type="String">
					<Value>Connect</Value>
				</Candidate>
				<Candidate qualifiers="Language-VI" type="String">
					<Value>Kết nối</Value>
				</Candidate>
				<Candidate qualifiers="Language-UZ-LATN-UZ" type="String">
					<Value>Connect</Value>
				</Candidate>
				<Candidate qualifiers="Language-UR" type="String">
					<Value>Connect</Value>
				</Candidate>
				<Candidate qualifiers="Language-UK" type="String">
					<Value>Підключити</Value>
				</Candidate>
				<Candidate qualifiers="Language-TR" type="String">
					<Value>Bağlan</Value>
				</Candidate>
				<Candidate qualifiers="Language-TN-ZA" type="String">
					<Value>Connect</Value>
				</Candidate>
				<Candidate qualifiers="Language-TK-TM" type="String">
					<Value>Connect</Value>
				</Candidate>
				<Candidate qualifiers="Language-TH" type="String">
					<Value>เชื่อมต่อ</Value>
				</Candidate>
				<Candidate qualifiers="Language-TE" type="String">
					<Value>కనెక్ట్</Value>
				</Candidate>
				<Candidate qualifiers="Language-TA" type="String">
					<Value>இணை</Value>
				</Candidate>
				<Candidate qualifiers="Language-SW" type="String">
					<Value>Connect</Value>
				</Candidate>
				<Candidate qualifiers="Language-SV" type="String">
					<Value>Anslut</Value>
				</Candidate>
				<Candidate qualifiers="Language-SR-LATN-CS" type="String">
					<Value>Poveži se</Value>
				</Candidate>
				<Candidate qualifiers="Language-SR-CYRL-CS" type="String">
					<Value>Повежи се</Value>
				</Candidate>
				<Candidate qualifiers="Language-SQ" type="String">
					<Value>Connect</Value>
				</Candidate>
				<Candidate qualifiers="Language-SL" type="String">
					<Value>Vzpostavi povezavo</Value>
				</Candidate>
				<Candidate qualifiers="Language-SK" type="String">
					<Value>Pripojiť</Value>
				</Candidate>
				<Candidate qualifiers="Language-SI-LK" type="String">
					<Value>Connect</Value>
				</Candidate>
				<Candidate qualifiers="Language-RU" type="String">
					<Value>Подключить</Value>
				</Candidate>
				<Candidate qualifiers="Language-RO" type="String">
					<Value>Conectare</Value>
				</Candidate>
				<Candidate qualifiers="Language-QUZ-PE" type="String">
					<Value>Connect</Value>
				</Candidate>
				<Candidate qualifiers="Language-PT-PT" type="String">
					<Value>Ligar</Value>
				</Candidate>
				<Candidate qualifiers="Language-PT-BR" type="String">
					<Value>Conectar</Value>
				</Candidate>
				<Candidate qualifiers="Language-PRS-AF" type="String">
					<Value>Connect</Value>
				</Candidate>
				<Candidate qualifiers="Language-PL" type="String">
					<Value>Połącz</Value>
				</Candidate>
				<Candidate qualifiers="Language-PA" type="String">
					<Value>Connect</Value>
				</Candidate>
				<Candidate qualifiers="Language-OR-IN" type="String">
					<Value>Connect</Value>
				</Candidate>
				<Candidate qualifiers="Language-NSO-ZA" type="String">
					<Value>Connect</Value>
				</Candidate>
				<Candidate qualifiers="Language-NO" type="String">
					<Value>Koble til</Value>
				</Candidate>
				<Candidate qualifiers="Language-NN-NO" type="String">
					<Value>Connect</Value>
				</Candidate>
				<Candidate qualifiers="Language-NL" type="String">
					<Value>Verbinding maken</Value>
				</Candidate>
				<Candidate qualifiers="Language-NE-NP" type="String">
					<Value>Connect</Value>
				</Candidate>
				<Candidate qualifiers="Language-MT-MT" type="String">
					<Value>Connect</Value>
				</Candidate>
				<Candidate qualifiers="Language-MS" type="String">
					<Value>Sambung</Value>
				</Candidate>
				<Candidate qualifiers="Language-MR" type="String">
					<Value>कनेक्ट करा</Value>
				</Candidate>
				<Candidate qualifiers="Language-ML-IN" type="String">
					<Value>ബന്ധിപ്പിക്കുക</Value>
				</Candidate>
				<Candidate qualifiers="Language-MK" type="String">
					<Value>Connect</Value>
				</Candidate>
				<Candidate qualifiers="Language-MI-NZ" type="String">
					<Value>Connect</Value>
				</Candidate>
				<Candidate qualifiers="Language-LV" type="String">
					<Value>Izveidot savienojumu</Value>
				</Candidate>
				<Candidate qualifiers="Language-LT" type="String">
					<Value>Prisijungti</Value>
				</Candidate>
				<Candidate qualifiers="Language-LB-LU" type="String">
					<Value>Connect</Value>
				</Candidate>
				<Candidate qualifiers="Language-KOK" type="String">
					<Value>Connect</Value>
				</Candidate>
				<Candidate qualifiers="Language-KO" type="String">
					<Value>연결</Value>
				</Candidate>
				<Candidate qualifiers="Language-KN" type="String">
					<Value>ಕನೆಕ್ಟ್ ಮಾಡು</Value>
				</Candidate>
				<Candidate qualifiers="Language-KM-KH" type="String">
					<Value>Connect</Value>
				</Candidate>
				<Candidate qualifiers="Language-KK" type="String">
					<Value>Connect</Value>
				</Candidate>
				<Candidate qualifiers="Language-KA" type="String">
					<Value>Connect</Value>
				</Candidate>
				<Candidate qualifiers="Language-JA-PLOC-JP" type="String">
					<Value>థ్కÇøññéçt _ʃ¯ʅథ్క</Value>
				</Candidate>
				<Candidate qualifiers="Language-JA" type="String">
					<Value>接続</Value>
				</Candidate>
				<Candidate qualifiers="Language-IU-LATN-CA" type="String">
					<Value>Connect</Value>
				</Candidate>
				<Candidate qualifiers="Language-IT" type="String">
					<Value>Connetti</Value>
				</Candidate>
				<Candidate qualifiers="Language-IS" type="String">
					<Value>Connect</Value>
				</Candidate>
				<Candidate qualifiers="Language-IG-NG" type="String">
					<Value>Connect</Value>
				</Candidate>
				<Candidate qualifiers="Language-ID" type="String">
					<Value>Sambung</Value>
				</Candidate>
				<Candidate qualifiers="Language-HY" type="String">
					<Value>Connect</Value>
				</Candidate>
				<Candidate qualifiers="Language-HU" type="String">
					<Value>Csatlakozás</Value>
				</Candidate>
				<Candidate qualifiers="Language-HR" type="String">
					<Value>Poveži se</Value>
				</Candidate>
				<Candidate qualifiers="Language-HI" type="String">
					<Value>कनेक्ट करें</Value>
				</Candidate>
				<Candidate qualifiers="Language-HE" type="String">
					<Value>התחבר</Value>
				</Candidate>
				<Candidate qualifiers="Language-HA-LATN-NG" type="String">
					<Value>Connect</Value>
				</Candidate>
				<Candidate qualifiers="Language-GU" type="String">
					<Value>કનેક્ટ કરો</Value>
				</Candidate>
				<Candidate qualifiers="Language-GL" type="String">
					<Value>Connect</Value>
				</Candidate>
				<Candidate qualifiers="Language-GA-IE" type="String">
					<Value>Connect</Value>
				</Candidate>
				<Candidate qualifiers="Language-FR" type="String">
					<Value>Connecter</Value>
				</Candidate>
				<Candidate qualifiers="Language-FIL-PH" type="String">
					<Value>Connect</Value>
				</Candidate>
				<Candidate qualifiers="Language-FI" type="String">
					<Value>Yhdistä</Value>
				</Candidate>
				<Candidate qualifiers="Language-FA" type="String">
					<Value>Connect</Value>
				</Candidate>
				<Candidate qualifiers="Language-EU" type="String">
					<Value>Konektatu</Value>
				</Candidate>
				<Candidate qualifiers="Language-ET" type="String">
					<Value>Ühenda</Value>
				</Candidate>
				<Candidate qualifiers="Language-ES" type="String">
					<Value>Conectar</Value>
				</Candidate>
				<Candidate qualifiers="Language-EN-LOCR-US" type="String">
					<Value>|¦Connect P1htp¦|</Value>
				</Candidate>
				<Candidate qualifiers="Language-EN-GB" type="String">
					<Value>Connect</Value>
				</Candidate>
				<Candidate qualifiers="Language-EN" type="String">
					<Value>Connect</Value>
				</Candidate>
				<Candidate qualifiers="Language-EL" type="String">
					<Value>Σύνδεση</Value>
				</Candidate>
				<Candidate qualifiers="Language-DE" type="String">
					<Value>Verbinden</Value>
				</Candidate>
				<Candidate qualifiers="Language-DA" type="String">
					<Value>Opret forbindelse</Value>
				</Candidate>
				<Candidate qualifiers="Language-CY-GB" type="String">
					<Value>Connect</Value>
				</Candidate>
				<Candidate qualifiers="Language-CS" type="String">
					<Value>Připojit</Value>
				</Candidate>
				<Candidate qualifiers="Language-CA" type="String">
					<Value>Connecta</Value>
				</Candidate>
				<Candidate qualifiers="Language-BS-LATN-BA" type="String">
					<Value>Connect</Value>
				</Candidate>
				<Candidate qualifiers="Language-BS-CYRL-BA" type="String">
					<Value>Connect</Value>
				</Candidate>
				<Candidate qualifiers="Language-BN-IN" type="String">
					<Value>Connect</Value>
				</Candidate>
				<Candidate qualifiers="Language-BN-BD" type="String">
					<Value>Connect</Value>
				</Candidate>
				<Candidate qualifiers="Language-BG" type="String">
					<Value>Свързване</Value>
				</Candidate>
				<Candidate qualifiers="Language-AZ-LATN-AZ" type="String">
					<Value>Connect</Value>
				</Candidate>
				<Candidate qualifiers="Language-AS-IN" type="String">
					<Value>Connect</Value>
				</Candidate>
				<Candidate qualifiers="Language-AR-PLOC-SA" type="String">
					<Value>لإَّ‎Çôññêçt _ʃ¯ʅلإَّ</Value>
				</Candidate>
				<Candidate qualifiers="Language-AR" type="String">
					<Value>اتصال</Value>
				</Candidate>
				<Candidate qualifiers="Language-AM-ET" type="String">
					<Value>Connect</Value>
				</Candidate>
				<Candidate qualifiers="Language-AF" type="String">
					<Value>Connect</Value>
				</Candidate>
				<Candidate type="String">
					<Value>Connect</Value>
				</Candidate>
			</NamedResource>
			<NamedResource name="WLText/login">
				<Candidate qualifiers="Language-ZU-ZA" type="String">
					<Value>Log in</Value>
				</Candidate>
				<Candidate qualifiers="Language-ZH-HANT" type="String">
					<Value>登入</Value>
				</Candidate>
				<Candidate qualifiers="Language-ZH-HANS" type="String">
					<Value>登录</Value>
				</Candidate>
				<Candidate qualifiers="Language-YO-NG" type="String">
					<Value>Log in</Value>
				</Candidate>
				<Candidate qualifiers="Language-XH-ZA" type="String">
					<Value>Log in</Value>
				</Candidate>
				<Candidate qualifiers="Language-VI" type="String">
					<Value>Đăng nhập</Value>
				</Candidate>
				<Candidate qualifiers="Language-UZ-LATN-UZ" type="String">
					<Value>Log in</Value>
				</Candidate>
				<Candidate qualifiers="Language-UR" type="String">
					<Value>Log in</Value>
				</Candidate>
				<Candidate qualifiers="Language-UK" type="String">
					<Value>Увійти</Value>
				</Candidate>
				<Candidate qualifiers="Language-TR" type="String">
					<Value>Oturum aç</Value>
				</Candidate>
				<Candidate qualifiers="Language-TN-ZA" type="String">
					<Value>Log in</Value>
				</Candidate>
				<Candidate qualifiers="Language-TK-TM" type="String">
					<Value>Log in</Value>
				</Candidate>
				<Candidate qualifiers="Language-TH" type="String">
					<Value>เข้าสู่ระบบ</Value>
				</Candidate>
				<Candidate qualifiers="Language-TE" type="String">
					<Value>లాగ్ ఇన్</Value>
				</Candidate>
				<Candidate qualifiers="Language-TA" type="String">
					<Value>உள்நுழை</Value>
				</Candidate>
				<Candidate qualifiers="Language-SW" type="String">
					<Value>Log in</Value>
				</Candidate>
				<Candidate qualifiers="Language-SV" type="String">
					<Value>Logga in</Value>
				</Candidate>
				<Candidate qualifiers="Language-SR-LATN-CS" type="String">
					<Value>Prijavi se</Value>
				</Candidate>
				<Candidate qualifiers="Language-SR-CYRL-CS" type="String">
					<Value>Пријави се</Value>
				</Candidate>
				<Candidate qualifiers="Language-SQ" type="String">
					<Value>Log in</Value>
				</Candidate>
				<Candidate qualifiers="Language-SL" type="String">
					<Value>Prijava</Value>
				</Candidate>
				<Candidate qualifiers="Language-SK" type="String">
					<Value>Prihlásiť sa</Value>
				</Candidate>
				<Candidate qualifiers="Language-SI-LK" type="String">
					<Value>Log in</Value>
				</Candidate>
				<Candidate qualifiers="Language-RU" type="String">
					<Value>Вход</Value>
				</Candidate>
				<Candidate qualifiers="Language-RO" type="String">
					<Value>Log in</Value>
				</Candidate>
				<Candidate qualifiers="Language-QUZ-PE" type="String">
					<Value>Log in</Value>
				</Candidate>
				<Candidate qualifiers="Language-PT-PT" type="String">
					<Value>Iniciar sessão</Value>
				</Candidate>
				<Candidate qualifiers="Language-PT-BR" type="String">
					<Value>Fazer logon</Value>
				</Candidate>
				<Candidate qualifiers="Language-PRS-AF" type="String">
					<Value>Log in</Value>
				</Candidate>
				<Candidate qualifiers="Language-PL" type="String">
					<Value>Zaloguj</Value>
				</Candidate>
				<Candidate qualifiers="Language-PA" type="String">
					<Value>Log in</Value>
				</Candidate>
				<Candidate qualifiers="Language-OR-IN" type="String">
					<Value>Log in</Value>
				</Candidate>
				<Candidate qualifiers="Language-NSO-ZA" type="String">
					<Value>Log in</Value>
				</Candidate>
				<Candidate qualifiers="Language-NO" type="String">
					<Value>Logg på</Value>
				</Candidate>
				<Candidate qualifiers="Language-NN-NO" type="String">
					<Value>Log in</Value>
				</Candidate>
				<Candidate qualifiers="Language-NL" type="String">
					<Value>Aanmelden</Value>
				</Candidate>
				<Candidate qualifiers="Language-NE-NP" type="String">
					<Value>Log in</Value>
				</Candidate>
				<Candidate qualifiers="Language-MT-MT" type="String">
					<Value>Log in</Value>
				</Candidate>
				<Candidate qualifiers="Language-MS" type="String">
					<Value>Log masuk</Value>
				</Candidate>
				<Candidate qualifiers="Language-MR" type="String">
					<Value>लॉग इन करा</Value>
				</Candidate>
				<Candidate qualifiers="Language-ML-IN" type="String">
					<Value>ലോഗ് ഇന്‍</Value>
				</Candidate>
				<Candidate qualifiers="Language-MK" type="String">
					<Value>Log in</Value>
				</Candidate>
				<Candidate qualifiers="Language-MI-NZ" type="String">
					<Value>Log in</Value>
				</Candidate>
				<Candidate qualifiers="Language-LV" type="String">
					<Value>Pieteikties</Value>
				</Candidate>
				<Candidate qualifiers="Language-LT" type="String">
					<Value>Įeiti</Value>
				</Candidate>
				<Candidate qualifiers="Language-LB-LU" type="String">
					<Value>Log in</Value>
				</Candidate>
				<Candidate qualifiers="Language-KOK" type="String">
					<Value>Log in</Value>
				</Candidate>
				<Candidate qualifiers="Language-KO" type="String">
					<Value>로그인</Value>
				</Candidate>
				<Candidate qualifiers="Language-KN" type="String">
					<Value>ಲಾಗಿನ್</Value>
				</Candidate>
				<Candidate qualifiers="Language-KM-KH" type="String">
					<Value>Log in</Value>
				</Candidate>
				<Candidate qualifiers="Language-KK" type="String">
					<Value>Log in</Value>
				</Candidate>
				<Candidate qualifiers="Language-KA" type="String">
					<Value>Log in</Value>
				</Candidate>
				<Candidate qualifiers="Language-JA-PLOC-JP" type="String">
					<Value>థ్క£øg íñ _ʃ¯థ్క</Value>
				</Candidate>
				<Candidate qualifiers="Language-JA" type="String">
					<Value>ログイン</Value>
				</Candidate>
				<Candidate qualifiers="Language-IU-LATN-CA" type="String">
					<Value>Log in</Value>
				</Candidate>
				<Candidate qualifiers="Language-IT" type="String">
					<Value>Accedi</Value>
				</Candidate>
				<Candidate qualifiers="Language-IS" type="String">
					<Value>Log in</Value>
				</Candidate>
				<Candidate qualifiers="Language-IG-NG" type="String">
					<Value>Log in</Value>
				</Candidate>
				<Candidate qualifiers="Language-ID" type="String">
					<Value>Masuk</Value>
				</Candidate>
				<Candidate qualifiers="Language-HY" type="String">
					<Value>Log in</Value>
				</Candidate>
				<Candidate qualifiers="Language-HU" type="String">
					<Value>Bejelentkezés</Value>
				</Candidate>
				<Candidate qualifiers="Language-HR" type="String">
					<Value>Prijava</Value>
				</Candidate>
				<Candidate qualifiers="Language-HI" type="String">
					<Value>लॉग इन</Value>
				</Candidate>
				<Candidate qualifiers="Language-HE" type="String">
					<Value>היכנס</Value>
				</Candidate>
				<Candidate qualifiers="Language-HA-LATN-NG" type="String">
					<Value>Log in</Value>
				</Candidate>
				<Candidate qualifiers="Language-GU" type="String">
					<Value>લૉગ ઇન કરો</Value>
				</Candidate>
				<Candidate qualifiers="Language-GL" type="String">
					<Value>Log in</Value>
				</Candidate>
				<Candidate qualifiers="Language-GA-IE" type="String">
					<Value>Log in</Value>
				</Candidate>
				<Candidate qualifiers="Language-FR" type="String">
					<Value>Connexion</Value>
				</Candidate>
				<Candidate qualifiers="Language-FIL-PH" type="String">
					<Value>Log in</Value>
				</Candidate>
				<Candidate qualifiers="Language-FI" type="String">
					<Value>Kirjaudu sisään</Value>
				</Candidate>
				<Candidate qualifiers="Language-FA" type="String">
					<Value>Log in</Value>
				</Candidate>
				<Candidate qualifiers="Language-EU" type="String">
					<Value>Hasi saioa</Value>
				</Candidate>
				<Candidate qualifiers="Language-ET" type="String">
					<Value>Logi sisse</Value>
				</Candidate>
				<Candidate qualifiers="Language-ES" type="String">
					<Value>Iniciar sesión</Value>
				</Candidate>
				<Candidate qualifiers="Language-EN-LOCR-US" type="String">
					<Value>|¦Log in AaHdx¦|</Value>
				</Candidate>
				<Candidate qualifiers="Language-EN-GB" type="String">
					<Value>Log in</Value>
				</Candidate>
				<Candidate qualifiers="Language-EN" type="String">
					<Value>Log in</Value>
				</Candidate>
				<Candidate qualifiers="Language-EL" type="String">
					<Value>Σύνδεση</Value>
				</Candidate>
				<Candidate qualifiers="Language-DE" type="String">
					<Value>Anmelden</Value>
				</Candidate>
				<Candidate qualifiers="Language-DA" type="String">
					<Value>Log på</Value>
				</Candidate>
				<Candidate qualifiers="Language-CY-GB" type="String">
					<Value>Log in</Value>
				</Candidate>
				<Candidate qualifiers="Language-CS" type="String">
					<Value>Přihlásit se</Value>
				</Candidate>
				<Candidate qualifiers="Language-CA" type="String">
					<Value>Inicia la sessió</Value>
				</Candidate>
				<Candidate qualifiers="Language-BS-LATN-BA" type="String">
					<Value>Log in</Value>
				</Candidate>
				<Candidate qualifiers="Language-BS-CYRL-BA" type="String">
					<Value>Log in</Value>
				</Candidate>
				<Candidate qualifiers="Language-BN-IN" type="String">
					<Value>Log in</Value>
				</Candidate>
				<Candidate qualifiers="Language-BN-BD" type="String">
					<Value>Log in</Value>
				</Candidate>
				<Candidate qualifiers="Language-BG" type="String">
					<Value>Влизане</Value>
				</Candidate>
				<Candidate qualifiers="Language-AZ-LATN-AZ" type="String">
					<Value>Log in</Value>
				</Candidate>
				<Candidate qualifiers="Language-AS-IN" type="String">
					<Value>Log in</Value>
				</Candidate>
				<Candidate qualifiers="Language-AR-PLOC-SA" type="String">
					<Value>لإَّ‎£óg íñ _ʃ¯لإَّ</Value>
				</Candidate>
				<Candidate qualifiers="Language-AR" type="String">
					<Value>تسجيل الدخول</Value>
				</Candidate>
				<Candidate qualifiers="Language-AM-ET" type="String">
					<Value>Log in</Value>
				</Candidate>
				<Candidate qualifiers="Language-AF" type="String">
					<Value>Log in</Value>
				</Candidate>
				<Candidate type="String">
					<Value>Log in</Value>
				</Candidate>
			</NamedResource>
			<NamedResource name="WLText/logout">
				<Candidate qualifiers="Language-ZU-ZA" type="String">
					<Value>Log out</Value>
				</Candidate>
				<Candidate qualifiers="Language-ZH-HANT" type="String">
					<Value>登出</Value>
				</Candidate>
				<Candidate qualifiers="Language-ZH-HANS" type="String">
					<Value>注销</Value>
				</Candidate>
				<Candidate qualifiers="Language-YO-NG" type="String">
					<Value>Log out</Value>
				</Candidate>
				<Candidate qualifiers="Language-XH-ZA" type="String">
					<Value>Log out</Value>
				</Candidate>
				<Candidate qualifiers="Language-VI" type="String">
					<Value>Đăng xuất</Value>
				</Candidate>
				<Candidate qualifiers="Language-UZ-LATN-UZ" type="String">
					<Value>Log out</Value>
				</Candidate>
				<Candidate qualifiers="Language-UR" type="String">
					<Value>Log out</Value>
				</Candidate>
				<Candidate qualifiers="Language-UK" type="String">
					<Value>Вийти</Value>
				</Candidate>
				<Candidate qualifiers="Language-TR" type="String">
					<Value>Oturumu kapat</Value>
				</Candidate>
				<Candidate qualifiers="Language-TN-ZA" type="String">
					<Value>Log out</Value>
				</Candidate>
				<Candidate qualifiers="Language-TK-TM" type="String">
					<Value>Log out</Value>
				</Candidate>
				<Candidate qualifiers="Language-TH" type="String">
					<Value>ออกจากระบบ</Value>
				</Candidate>
				<Candidate qualifiers="Language-TE" type="String">
					<Value>లాగ్ ఔట్</Value>
				</Candidate>
				<Candidate qualifiers="Language-TA" type="String">
					<Value>வெளியேறு</Value>
				</Candidate>
				<Candidate qualifiers="Language-SW" type="String">
					<Value>Log out</Value>
				</Candidate>
				<Candidate qualifiers="Language-SV" type="String">
					<Value>Logga ut</Value>
				</Candidate>
				<Candidate qualifiers="Language-SR-LATN-CS" type="String">
					<Value>Odjavi se</Value>
				</Candidate>
				<Candidate qualifiers="Language-SR-CYRL-CS" type="String">
					<Value>Одјави се</Value>
				</Candidate>
				<Candidate qualifiers="Language-SQ" type="String">
					<Value>Log out</Value>
				</Candidate>
				<Candidate qualifiers="Language-SL" type="String">
					<Value>Odjava</Value>
				</Candidate>
				<Candidate qualifiers="Language-SK" type="String">
					<Value>Odhlásiť sa</Value>
				</Candidate>
				<Candidate qualifiers="Language-SI-LK" type="String">
					<Value>Log out</Value>
				</Candidate>
				<Candidate qualifiers="Language-RU" type="String">
					<Value>Выход</Value>
				</Candidate>
				<Candidate qualifiers="Language-RO" type="String">
					<Value>Log out</Value>
				</Candidate>
				<Candidate qualifiers="Language-QUZ-PE" type="String">
					<Value>Log out</Value>
				</Candidate>
				<Candidate qualifiers="Language-PT-PT" type="String">
					<Value>Terminar sessão</Value>
				</Candidate>
				<Candidate qualifiers="Language-PT-BR" type="String">
					<Value>Fazer logoff</Value>
				</Candidate>
				<Candidate qualifiers="Language-PRS-AF" type="String">
					<Value>Log out</Value>
				</Candidate>
				<Candidate qualifiers="Language-PL" type="String">
					<Value>Wyloguj</Value>
				</Candidate>
				<Candidate qualifiers="Language-PA" type="String">
					<Value>Log out</Value>
				</Candidate>
				<Candidate qualifiers="Language-OR-IN" type="String">
					<Value>Log out</Value>
				</Candidate>
				<Candidate qualifiers="Language-NSO-ZA" type="String">
					<Value>Log out</Value>
				</Candidate>
				<Candidate qualifiers="Language-NO" type="String">
					<Value>Logg av</Value>
				</Candidate>
				<Candidate qualifiers="Language-NN-NO" type="String">
					<Value>Log out</Value>
				</Candidate>
				<Candidate qualifiers="Language-NL" type="String">
					<Value>Afmelden</Value>
				</Candidate>
				<Candidate qualifiers="Language-NE-NP" type="String">
					<Value>Log out</Value>
				</Candidate>
				<Candidate qualifiers="Language-MT-MT" type="String">
					<Value>Log out</Value>
				</Candidate>
				<Candidate qualifiers="Language-MS" type="String">
					<Value>Log keluar</Value>
				</Candidate>
				<Candidate qualifiers="Language-MR" type="String">
					<Value>लॉग आउट करा</Value>
				</Candidate>
				<Candidate qualifiers="Language-ML-IN" type="String">
					<Value>ലോഗ് ഔട്ട്</Value>
				</Candidate>
				<Candidate qualifiers="Language-MK" type="String">
					<Value>Log out</Value>
				</Candidate>
				<Candidate qualifiers="Language-MI-NZ" type="String">
					<Value>Log out</Value>
				</Candidate>
				<Candidate qualifiers="Language-LV" type="String">
					<Value>Atteikties</Value>
				</Candidate>
				<Candidate qualifiers="Language-LT" type="String">
					<Value>Išeiti</Value>
				</Candidate>
				<Candidate qualifiers="Language-LB-LU" type="String">
					<Value>Log out</Value>
				</Candidate>
				<Candidate qualifiers="Language-KOK" type="String">
					<Value>Log out</Value>
				</Candidate>
				<Candidate qualifiers="Language-KO" type="String">
					<Value>로그아웃</Value>
				</Candidate>
				<Candidate qualifiers="Language-KN" type="String">
					<Value>ಲಾಗ್ ಔಟ್</Value>
				</Candidate>
				<Candidate qualifiers="Language-KM-KH" type="String">
					<Value>Log out</Value>
				</Candidate>
				<Candidate qualifiers="Language-KK" type="String">
					<Value>Log out</Value>
				</Candidate>
				<Candidate qualifiers="Language-KA" type="String">
					<Value>Log out</Value>
				</Candidate>
				<Candidate qualifiers="Language-JA-PLOC-JP" type="String">
					<Value>థ్క£óg óüt _ʃ¯ʅథ్క</Value>
				</Candidate>
				<Candidate qualifiers="Language-JA" type="String">
					<Value>ログアウト</Value>
				</Candidate>
				<Candidate qualifiers="Language-IU-LATN-CA" type="String">
					<Value>Log out</Value>
				</Candidate>
				<Candidate qualifiers="Language-IT" type="String">
					<Value>Disconnetti</Value>
				</Candidate>
				<Candidate qualifiers="Language-IS" type="String">
					<Value>Log out</Value>
				</Candidate>
				<Candidate qualifiers="Language-IG-NG" type="String">
					<Value>Log out</Value>
				</Candidate>
				<Candidate qualifiers="Language-ID" type="String">
					<Value>Keluar</Value>
				</Candidate>
				<Candidate qualifiers="Language-HY" type="String">
					<Value>Log out</Value>
				</Candidate>
				<Candidate qualifiers="Language-HU" type="String">
					<Value>Kijelentkezés</Value>
				</Candidate>
				<Candidate qualifiers="Language-HR" type="String">
					<Value>Odjava</Value>
				</Candidate>
				<Candidate qualifiers="Language-HI" type="String">
					<Value>लॉग आउट</Value>
				</Candidate>
				<Candidate qualifiers="Language-HE" type="String">
					<Value>צא</Value>
				</Candidate>
				<Candidate qualifiers="Language-HA-LATN-NG" type="String">
					<Value>Log out</Value>
				</Candidate>
				<Candidate qualifiers="Language-GU" type="String">
					<Value>લૉગ આઉટ કરો</Value>
				</Candidate>
				<Candidate qualifiers="Language-GL" type="String">
					<Value>Log out</Value>
				</Candidate>
				<Candidate qualifiers="Language-GA-IE" type="String">
					<Value>Log out</Value>
				</Candidate>
				<Candidate qualifiers="Language-FR" type="String">
					<Value>Déconnexion</Value>
				</Candidate>
				<Candidate qualifiers="Language-FIL-PH" type="String">
					<Value>Log out</Value>
				</Candidate>
				<Candidate qualifiers="Language-FI" type="String">
					<Value>Kirjaudu ulos</Value>
				</Candidate>
				<Candidate qualifiers="Language-FA" type="String">
					<Value>Log out</Value>
				</Candidate>
				<Candidate qualifiers="Language-EU" type="String">
					<Value>Itxi saioa</Value>
				</Candidate>
				<Candidate qualifiers="Language-ET" type="String">
					<Value>Logi välja</Value>
				</Candidate>
				<Candidate qualifiers="Language-ES" type="String">
					<Value>Cerrar sesión</Value>
				</Candidate>
				<Candidate qualifiers="Language-EN-LOCR-US" type="String">
					<Value>|¦Log out hLSXM¦|</Value>
				</Candidate>
				<Candidate qualifiers="Language-EN-GB" type="String">
					<Value>Log out</Value>
				</Candidate>
				<Candidate qualifiers="Language-EN" type="String">
					<Value>Log out</Value>
				</Candidate>
				<Candidate qualifiers="Language-EL" type="String">
					<Value>Αποσύνδεση</Value>
				</Candidate>
				<Candidate qualifiers="Language-DE" type="String">
					<Value>Abmelden</Value>
				</Candidate>
				<Candidate qualifiers="Language-DA" type="String">
					<Value>Log af</Value>
				</Candidate>
				<Candidate qualifiers="Language-CY-GB" type="String">
					<Value>Log out</Value>
				</Candidate>
				<Candidate qualifiers="Language-CS" type="String">
					<Value>Odhlásit se</Value>
				</Candidate>
				<Candidate qualifiers="Language-CA" type="String">
					<Value>Tanca la sessió</Value>
				</Candidate>
				<Candidate qualifiers="Language-BS-LATN-BA" type="String">
					<Value>Log out</Value>
				</Candidate>
				<Candidate qualifiers="Language-BS-CYRL-BA" type="String">
					<Value>Log out</Value>
				</Candidate>
				<Candidate qualifiers="Language-BN-IN" type="String">
					<Value>Log out</Value>
				</Candidate>
				<Candidate qualifiers="Language-BN-BD" type="String">
					<Value>Log out</Value>
				</Candidate>
				<Candidate qualifiers="Language-BG" type="String">
					<Value>Излизане</Value>
				</Candidate>
				<Candidate qualifiers="Language-AZ-LATN-AZ" type="String">
					<Value>Log out</Value>
				</Candidate>
				<Candidate qualifiers="Language-AS-IN" type="String">
					<Value>Log out</Value>
				</Candidate>
				<Candidate qualifiers="Language-AR-PLOC-SA" type="String">
					<Value>لإَّ‎£õg óût _ʃ¯ʅلإَّ</Value>
				</Candidate>
				<Candidate qualifiers="Language-AR" type="String">
					<Value>تسجيل الخروج</Value>
				</Candidate>
				<Candidate qualifiers="Language-AM-ET" type="String">
					<Value>Log out</Value>
				</Candidate>
				<Candidate qualifiers="Language-AF" type="String">
					<Value>Log out</Value>
				</Candidate>
				<Candidate type="String">
					<Value>Log out</Value>
				</Candidate>
			</NamedResource>
			<NamedResource name="WLText/signIn">
				<Candidate qualifiers="Language-ZU-ZA" type="String">
					<Value>Sign in</Value>
				</Candidate>
				<Candidate qualifiers="Language-ZH-HANT" type="String">
					<Value>登入</Value>
				</Candidate>
				<Candidate qualifiers="Language-ZH-HANS" type="String">
					<Value>登录</Value>
				</Candidate>
				<Candidate qualifiers="Language-YO-NG" type="String">
					<Value>Sign in</Value>
				</Candidate>
				<Candidate qualifiers="Language-XH-ZA" type="String">
					<Value>Sign in</Value>
				</Candidate>
				<Candidate qualifiers="Language-VI" type="String">
					<Value>Đăng nhập</Value>
				</Candidate>
				<Candidate qualifiers="Language-UZ-LATN-UZ" type="String">
					<Value>Sign in</Value>
				</Candidate>
				<Candidate qualifiers="Language-UR" type="String">
					<Value>Sign in</Value>
				</Candidate>
				<Candidate qualifiers="Language-UK" type="String">
					<Value>Увійти</Value>
				</Candidate>
				<Candidate qualifiers="Language-TR" type="String">
					<Value>Oturum aç</Value>
				</Candidate>
				<Candidate qualifiers="Language-TN-ZA" type="String">
					<Value>Sign in</Value>
				</Candidate>
				<Candidate qualifiers="Language-TK-TM" type="String">
					<Value>Sign in</Value>
				</Candidate>
				<Candidate qualifiers="Language-TH" type="String">
					<Value>ลงชื่อเข้าใช้</Value>
				</Candidate>
				<Candidate qualifiers="Language-TE" type="String">
					<Value>సైన్ ఇన్</Value>
				</Candidate>
				<Candidate qualifiers="Language-TA" type="String">
					<Value>உள்நுழை</Value>
				</Candidate>
				<Candidate qualifiers="Language-SW" type="String">
					<Value>Sign in</Value>
				</Candidate>
				<Candidate qualifiers="Language-SV" type="String">
					<Value>Logga in</Value>
				</Candidate>
				<Candidate qualifiers="Language-SR-LATN-CS" type="String">
					<Value>Prijavi se</Value>
				</Candidate>
				<Candidate qualifiers="Language-SR-CYRL-CS" type="String">
					<Value>Пријави се</Value>
				</Candidate>
				<Candidate qualifiers="Language-SQ" type="String">
					<Value>Sign in</Value>
				</Candidate>
				<Candidate qualifiers="Language-SL" type="String">
					<Value>Vpis</Value>
				</Candidate>
				<Candidate qualifiers="Language-SK" type="String">
					<Value>Prihlásiť</Value>
				</Candidate>
				<Candidate qualifiers="Language-SI-LK" type="String">
					<Value>Sign in</Value>
				</Candidate>
				<Candidate qualifiers="Language-RU" type="String">
					<Value>Войти</Value>
				</Candidate>
				<Candidate qualifiers="Language-RO" type="String">
					<Value>Sign in</Value>
				</Candidate>
				<Candidate qualifiers="Language-QUZ-PE" type="String">
					<Value>Sign in</Value>
				</Candidate>
				<Candidate qualifiers="Language-PT-PT" type="String">
					<Value>Iniciar sessão</Value>
				</Candidate>
				<Candidate qualifiers="Language-PT-BR" type="String">
					<Value>Entrar</Value>
				</Candidate>
				<Candidate qualifiers="Language-PRS-AF" type="String">
					<Value>Sign in</Value>
				</Candidate>
				<Candidate qualifiers="Language-PL" type="String">
					<Value>Zaloguj</Value>
				</Candidate>
				<Candidate qualifiers="Language-PA" type="String">
					<Value>Sign in</Value>
				</Candidate>
				<Candidate qualifiers="Language-OR-IN" type="String">
					<Value>Sign in</Value>
				</Candidate>
				<Candidate qualifiers="Language-NSO-ZA" type="String">
					<Value>Sign in</Value>
				</Candidate>
				<Candidate qualifiers="Language-NO" type="String">
					<Value>Logg på</Value>
				</Candidate>
				<Candidate qualifiers="Language-NN-NO" type="String">
					<Value>Sign in</Value>
				</Candidate>
				<Candidate qualifiers="Language-NL" type="String">
					<Value>Aanmelden</Value>
				</Candidate>
				<Candidate qualifiers="Language-NE-NP" type="String">
					<Value>Sign in</Value>
				</Candidate>
				<Candidate qualifiers="Language-MT-MT" type="String">
					<Value>Sign in</Value>
				</Candidate>
				<Candidate qualifiers="Language-MS" type="String">
					<Value>Daftar masuk</Value>
				</Candidate>
				<Candidate qualifiers="Language-MR" type="String">
					<Value>साइन इन करा</Value>
				</Candidate>
				<Candidate qualifiers="Language-ML-IN" type="String">
					<Value>സൈന്‍ ഇന്‍ ചെയ്യുക</Value>
				</Candidate>
				<Candidate qualifiers="Language-MK" type="String">
					<Value>Sign in</Value>
				</Candidate>
				<Candidate qualifiers="Language-MI-NZ" type="String">
					<Value>Sign in</Value>
				</Candidate>
				<Candidate qualifiers="Language-LV" type="String">
					<Value>Pierakstīties</Value>
				</Candidate>
				<Candidate qualifiers="Language-LT" type="String">
					<Value>Prisijungti</Value>
				</Candidate>
				<Candidate qualifiers="Language-LB-LU" type="String">
					<Value>Sign in</Value>
				</Candidate>
				<Candidate qualifiers="Language-KOK" type="String">
					<Value>Sign in</Value>
				</Candidate>
				<Candidate qualifiers="Language-KO" type="String">
					<Value>로그인</Value>
				</Candidate>
				<Candidate qualifiers="Language-KN" type="String">
					<Value>ಸೈನ್ ಇನ್</Value>
				</Candidate>
				<Candidate qualifiers="Language-KM-KH" type="String">
					<Value>Sign in</Value>
				</Candidate>
				<Candidate qualifiers="Language-KK" type="String">
					<Value>Sign in</Value>
				</Candidate>
				<Candidate qualifiers="Language-KA" type="String">
					<Value>Sign in</Value>
				</Candidate>
				<Candidate qualifiers="Language-JA-PLOC-JP" type="String">
					<Value>థ్క§ígñ íñ _ʃ¯ʅథ్క</Value>
				</Candidate>
				<Candidate qualifiers="Language-JA" type="String">
					<Value>サインイン</Value>
				</Candidate>
				<Candidate qualifiers="Language-IU-LATN-CA" type="String">
					<Value>Sign in</Value>
				</Candidate>
				<Candidate qualifiers="Language-IT" type="String">
					<Value>Accedi</Value>
				</Candidate>
				<Candidate qualifiers="Language-IS" type="String">
					<Value>Sign in</Value>
				</Candidate>
				<Candidate qualifiers="Language-IG-NG" type="String">
					<Value>Sign in</Value>
				</Candidate>
				<Candidate qualifiers="Language-ID" type="String">
					<Value>Masuk</Value>
				</Candidate>
				<Candidate qualifiers="Language-HY" type="String">
					<Value>Sign in</Value>
				</Candidate>
				<Candidate qualifiers="Language-HU" type="String">
					<Value>Bejelentkezés</Value>
				</Candidate>
				<Candidate qualifiers="Language-HR" type="String">
					<Value>Prijava</Value>
				</Candidate>
				<Candidate qualifiers="Language-HI" type="String">
					<Value>साइन इन</Value>
				</Candidate>
				<Candidate qualifiers="Language-HE" type="String">
					<Value>כניסה</Value>
				</Candidate>
				<Candidate qualifiers="Language-HA-LATN-NG" type="String">
					<Value>Sign in</Value>
				</Candidate>
				<Candidate qualifiers="Language-GU" type="String">
					<Value>સાઇન ઇન કરો</Value>
				</Candidate>
				<Candidate qualifiers="Language-GL" type="String">
					<Value>Sign in</Value>
				</Candidate>
				<Candidate qualifiers="Language-GA-IE" type="String">
					<Value>Sign in</Value>
				</Candidate>
				<Candidate qualifiers="Language-FR" type="String">
					<Value>Connexion</Value>
				</Candidate>
				<Candidate qualifiers="Language-FIL-PH" type="String">
					<Value>Sign in</Value>
				</Candidate>
				<Candidate qualifiers="Language-FI" type="String">
					<Value>Kirjaudu sisään</Value>
				</Candidate>
				<Candidate qualifiers="Language-FA" type="String">
					<Value>Sign in</Value>
				</Candidate>
				<Candidate qualifiers="Language-EU" type="String">
					<Value>Hasi saioa</Value>
				</Candidate>
				<Candidate qualifiers="Language-ET" type="String">
					<Value>Logi sisse</Value>
				</Candidate>
				<Candidate qualifiers="Language-ES" type="String">
					<Value>Iniciar sesión</Value>
				</Candidate>
				<Candidate qualifiers="Language-EN-LOCR-US" type="String">
					<Value>|¦Sign in m49Oq¦|</Value>
				</Candidate>
				<Candidate qualifiers="Language-EN-GB" type="String">
					<Value>Sign in</Value>
				</Candidate>
				<Candidate qualifiers="Language-EN" type="String">
					<Value>Sign in</Value>
				</Candidate>
				<Candidate qualifiers="Language-EL" type="String">
					<Value>Είσοδος</Value>
				</Candidate>
				<Candidate qualifiers="Language-DE" type="String">
					<Value>Anmelden</Value>
				</Candidate>
				<Candidate qualifiers="Language-DA" type="String">
					<Value>Log på</Value>
				</Candidate>
				<Candidate qualifiers="Language-CY-GB" type="String">
					<Value>Sign in</Value>
				</Candidate>
				<Candidate qualifiers="Language-CS" type="String">
					<Value>Přihlásit</Value>
				</Candidate>
				<Candidate qualifiers="Language-CA" type="String">
					<Value>Inicia la sessió</Value>
				</Candidate>
				<Candidate qualifiers="Language-BS-LATN-BA" type="String">
					<Value>Sign in</Value>
				</Candidate>
				<Candidate qualifiers="Language-BS-CYRL-BA" type="String">
					<Value>Sign in</Value>
				</Candidate>
				<Candidate qualifiers="Language-BN-IN" type="String">
					<Value>Sign in</Value>
				</Candidate>
				<Candidate qualifiers="Language-BN-BD" type="String">
					<Value>Sign in</Value>
				</Candidate>
				<Candidate qualifiers="Language-BG" type="String">
					<Value>Влизане</Value>
				</Candidate>
				<Candidate qualifiers="Language-AZ-LATN-AZ" type="String">
					<Value>Sign in</Value>
				</Candidate>
				<Candidate qualifiers="Language-AS-IN" type="String">
					<Value>Sign in</Value>
				</Candidate>
				<Candidate qualifiers="Language-AR-PLOC-SA" type="String">
					<Value>لإَّ‎§îgñ ìñ _ʃ¯ʅلإَّ</Value>
				</Candidate>
				<Candidate qualifiers="Language-AR" type="String">
					<Value>‏‏تسجيل الدخول</Value>
				</Candidate>
				<Candidate qualifiers="Language-AM-ET" type="String">
					<Value>Sign in</Value>
				</Candidate>
				<Candidate qualifiers="Language-AF" type="String">
					<Value>Sign in</Value>
				</Candidate>
				<Candidate type="String">
					<Value>Sign in</Value>
				</Candidate>
			</NamedResource>
			<NamedResource name="WLText/signOut">
				<Candidate qualifiers="Language-ZU-ZA" type="String">
					<Value>Sign out</Value>
				</Candidate>
				<Candidate qualifiers="Language-ZH-HANT" type="String">
					<Value>登出</Value>
				</Candidate>
				<Candidate qualifiers="Language-ZH-HANS" type="String">
					<Value>注销</Value>
				</Candidate>
				<Candidate qualifiers="Language-YO-NG" type="String">
					<Value>Sign out</Value>
				</Candidate>
				<Candidate qualifiers="Language-XH-ZA" type="String">
					<Value>Sign out</Value>
				</Candidate>
				<Candidate qualifiers="Language-VI" type="String">
					<Value>Đăng xuất</Value>
				</Candidate>
				<Candidate qualifiers="Language-UZ-LATN-UZ" type="String">
					<Value>Sign out</Value>
				</Candidate>
				<Candidate qualifiers="Language-UR" type="String">
					<Value>Sign out</Value>
				</Candidate>
				<Candidate qualifiers="Language-UK" type="String">
					<Value>Вийти</Value>
				</Candidate>
				<Candidate qualifiers="Language-TR" type="String">
					<Value>Oturumu kapat</Value>
				</Candidate>
				<Candidate qualifiers="Language-TN-ZA" type="String">
					<Value>Sign out</Value>
				</Candidate>
				<Candidate qualifiers="Language-TK-TM" type="String">
					<Value>Sign out</Value>
				</Candidate>
				<Candidate qualifiers="Language-TH" type="String">
					<Value>ลงชื่อออก</Value>
				</Candidate>
				<Candidate qualifiers="Language-TE" type="String">
					<Value>సైన్ ఔట్</Value>
				</Candidate>
				<Candidate qualifiers="Language-TA" type="String">
					<Value>வெளியேறு</Value>
				</Candidate>
				<Candidate qualifiers="Language-SW" type="String">
					<Value>Sign out</Value>
				</Candidate>
				<Candidate qualifiers="Language-SV" type="String">
					<Value>Logga ut</Value>
				</Candidate>
				<Candidate qualifiers="Language-SR-LATN-CS" type="String">
					<Value>Odjavi se</Value>
				</Candidate>
				<Candidate qualifiers="Language-SR-CYRL-CS" type="String">
					<Value>Одјави се</Value>
				</Candidate>
				<Candidate qualifiers="Language-SQ" type="String">
					<Value>Sign out</Value>
				</Candidate>
				<Candidate qualifiers="Language-SL" type="String">
					<Value>Izpis</Value>
				</Candidate>
				<Candidate qualifiers="Language-SK" type="String">
					<Value>Odhlásiť</Value>
				</Candidate>
				<Candidate qualifiers="Language-SI-LK" type="String">
					<Value>Sign out</Value>
				</Candidate>
				<Candidate qualifiers="Language-RU" type="String">
					<Value>Выйти</Value>
				</Candidate>
				<Candidate qualifiers="Language-RO" type="String">
					<Value>Sign out</Value>
				</Candidate>
				<Candidate qualifiers="Language-QUZ-PE" type="String">
					<Value>Sign out</Value>
				</Candidate>
				<Candidate qualifiers="Language-PT-PT" type="String">
					<Value>Terminar sessão</Value>
				</Candidate>
				<Candidate qualifiers="Language-PT-BR" type="String">
					<Value>Sair</Value>
				</Candidate>
				<Candidate qualifiers="Language-PRS-AF" type="String">
					<Value>Sign out</Value>
				</Candidate>
				<Candidate qualifiers="Language-PL" type="String">
					<Value>Wyloguj</Value>
				</Candidate>
				<Candidate qualifiers="Language-PA" type="String">
					<Value>Sign out</Value>
				</Candidate>
				<Candidate qualifiers="Language-OR-IN" type="String">
					<Value>Sign out</Value>
				</Candidate>
				<Candidate qualifiers="Language-NSO-ZA" type="String">
					<Value>Sign out</Value>
				</Candidate>
				<Candidate qualifiers="Language-NO" type="String">
					<Value>Logg av</Value>
				</Candidate>
				<Candidate qualifiers="Language-NN-NO" type="String">
					<Value>Sign out</Value>
				</Candidate>
				<Candidate qualifiers="Language-NL" type="String">
					<Value>Afmelden</Value>
				</Candidate>
				<Candidate qualifiers="Language-NE-NP" type="String">
					<Value>Sign out</Value>
				</Candidate>
				<Candidate qualifiers="Language-MT-MT" type="String">
					<Value>Sign out</Value>
				</Candidate>
				<Candidate qualifiers="Language-MS" type="String">
					<Value>Daftar keluar</Value>
				</Candidate>
				<Candidate qualifiers="Language-MR" type="String">
					<Value>साइन आउट करा</Value>
				</Candidate>
				<Candidate qualifiers="Language-ML-IN" type="String">
					<Value>സൈന്‍ ഔട്ട് ചെയ്യുക</Value>
				</Candidate>
				<Candidate qualifiers="Language-MK" type="String">
					<Value>Sign out</Value>
				</Candidate>
				<Candidate qualifiers="Language-MI-NZ" type="String">
					<Value>Sign out</Value>
				</Candidate>
				<Candidate qualifiers="Language-LV" type="String">
					<Value>Izrakstīties</Value>
				</Candidate>
				<Candidate qualifiers="Language-LT" type="String">
					<Value>Atsijungti</Value>
				</Candidate>
				<Candidate qualifiers="Language-LB-LU" type="String">
					<Value>Sign out</Value>
				</Candidate>
				<Candidate qualifiers="Language-KOK" type="String">
					<Value>Sign out</Value>
				</Candidate>
				<Candidate qualifiers="Language-KO" type="String">
					<Value>로그아웃</Value>
				</Candidate>
				<Candidate qualifiers="Language-KN" type="String">
					<Value>ಸೈನ್ ಔಟ್</Value>
				</Candidate>
				<Candidate qualifiers="Language-KM-KH" type="String">
					<Value>Sign out</Value>
				</Candidate>
				<Candidate qualifiers="Language-KK" type="String">
					<Value>Sign out</Value>
				</Candidate>
				<Candidate qualifiers="Language-KA" type="String">
					<Value>Sign out</Value>
				</Candidate>
				<Candidate qualifiers="Language-JA-PLOC-JP" type="String">
					<Value>థ్క§îgñ óùt _ʃ¯ʅథ్క</Value>
				</Candidate>
				<Candidate qualifiers="Language-JA" type="String">
					<Value>サインアウト</Value>
				</Candidate>
				<Candidate qualifiers="Language-IU-LATN-CA" type="String">
					<Value>Sign out</Value>
				</Candidate>
				<Candidate qualifiers="Language-IT" type="String">
					<Value>Esci</Value>
				</Candidate>
				<Candidate qualifiers="Language-IS" type="String">
					<Value>Sign out</Value>
				</Candidate>
				<Candidate qualifiers="Language-IG-NG" type="String">
					<Value>Sign out</Value>
				</Candidate>
				<Candidate qualifiers="Language-ID" type="String">
					<Value>Keluar</Value>
				</Candidate>
				<Candidate qualifiers="Language-HY" type="String">
					<Value>Sign out</Value>
				</Candidate>
				<Candidate qualifiers="Language-HU" type="String">
					<Value>Kijelentkezés</Value>
				</Candidate>
				<Candidate qualifiers="Language-HR" type="String">
					<Value>Odjava</Value>
				</Candidate>
				<Candidate qualifiers="Language-HI" type="String">
					<Value>साइन आउट</Value>
				</Candidate>
				<Candidate qualifiers="Language-HE" type="String">
					<Value>יציאה</Value>
				</Candidate>
				<Candidate qualifiers="Language-HA-LATN-NG" type="String">
					<Value>Sign out</Value>
				</Candidate>
				<Candidate qualifiers="Language-GU" type="String">
					<Value>સાઇન આઉટ કરો</Value>
				</Candidate>
				<Candidate qualifiers="Language-GL" type="String">
					<Value>Sign out</Value>
				</Candidate>
				<Candidate qualifiers="Language-GA-IE" type="String">
					<Value>Sign out</Value>
				</Candidate>
				<Candidate qualifiers="Language-FR" type="String">
					<Value>Déconnexion</Value>
				</Candidate>
				<Candidate qualifiers="Language-FIL-PH" type="String">
					<Value>Sign out</Value>
				</Candidate>
				<Candidate qualifiers="Language-FI" type="String">
					<Value>Kirjaudu ulos</Value>
				</Candidate>
				<Candidate qualifiers="Language-FA" type="String">
					<Value>Sign out</Value>
				</Candidate>
				<Candidate qualifiers="Language-EU" type="String">
					<Value>Amaitu saioa</Value>
				</Candidate>
				<Candidate qualifiers="Language-ET" type="String">
					<Value>Logi välja</Value>
				</Candidate>
				<Candidate qualifiers="Language-ES" type="String">
					<Value>Cerrar sesión</Value>
				</Candidate>
				<Candidate qualifiers="Language-EN-LOCR-US" type="String">
					<Value>|¦Sign out gPLkx¦|</Value>
				</Candidate>
				<Candidate qualifiers="Language-EN-GB" type="String">
					<Value>Sign out</Value>
				</Candidate>
				<Candidate qualifiers="Language-EN" type="String">
					<Value>Sign out</Value>
				</Candidate>
				<Candidate qualifiers="Language-EL" type="String">
					<Value>Έξοδος</Value>
				</Candidate>
				<Candidate qualifiers="Language-DE" type="String">
					<Value>Abmelden</Value>
				</Candidate>
				<Candidate qualifiers="Language-DA" type="String">
					<Value>Log af</Value>
				</Candidate>
				<Candidate qualifiers="Language-CY-GB" type="String">
					<Value>Sign out</Value>
				</Candidate>
				<Candidate qualifiers="Language-CS" type="String">
					<Value>Odhlásit</Value>
				</Candidate>
				<Candidate qualifiers="Language-CA" type="String">
					<Value>Tanca la sessió</Value>
				</Candidate>
				<Candidate qualifiers="Language-BS-LATN-BA" type="String">
					<Value>Sign out</Value>
				</Candidate>
				<Candidate qualifiers="Language-BS-CYRL-BA" type="String">
					<Value>Sign out</Value>
				</Candidate>
				<Candidate qualifiers="Language-BN-IN" type="String">
					<Value>Sign out</Value>
				</Candidate>
				<Candidate qualifiers="Language-BN-BD" type="String">
					<Value>Sign out</Value>
				</Candidate>
				<Candidate qualifiers="Language-BG" type="String">
					<Value>Излизане</Value>
				</Candidate>
				<Candidate qualifiers="Language-AZ-LATN-AZ" type="String">
					<Value>Sign out</Value>
				</Candidate>
				<Candidate qualifiers="Language-AS-IN" type="String">
					<Value>Sign out</Value>
				</Candidate>
				<Candidate qualifiers="Language-AR-PLOC-SA" type="String">
					<Value>لإَّ‎§ígñ ôµt _ʃ¯ʅلإَّ</Value>
				</Candidate>
				<Candidate qualifiers="Language-AR" type="String">
					<Value>تسجيل الخروج</Value>
				</Candidate>
				<Candidate qualifiers="Language-AM-ET" type="String">
					<Value>Sign out</Value>
				</Candidate>
				<Candidate qualifiers="Language-AF" type="String">
					<Value>Sign out</Value>
				</Candidate>
				<Candidate type="String">
					<Value>Sign out</Value>
				</Candidate>
			</NamedResource>
		</ResourceMap>
	</ResourceMap>
</PriInfo>