﻿<?xml version="1.0" encoding="utf-8"?>
<resources>
  <index root="\" startIndexAt="bld\BUILD.70baac8f-b3b8-45b2-a969-a68404647bb1\layout.resfiles">
    <default>
      <qualifier name="language" value="en-us" />
      <qualifier name="contrast" value="standard" />
      <qualifier name="homeregion" value="001" />
    </default>
    <indexer-config type="RESFILES" qualifierDelimiter="." />
  </index>
  <index root="\" startIndexAt="bld\BUILD.70baac8f-b3b8-45b2-a969-a68404647bb1\resources.resfiles">
    <default>
      <qualifier name="language" value="en-us" />
      <qualifier name="contrast" value="standard" />
      <qualifier name="homeregion" value="001" />
    </default>
    <indexer-config type="RESW" convertDotsToSlashes="true" />
    <indexer-config type="RESJSON" />
    <indexer-config type="RESFILES" qualifierDelimiter="." />
  </index>
</resources>